15,60;15,06;0,54;5,866825721
12,80;15,97;-3,17;
12,70;10,92;1,78;
28,60;22,56;6,04;
14,90;15,47;-0,57;
22,40;17,00;5,40;
17,40;14,76;2,64;
7,90;13,66;-5,76;
10,70;11,68;-0,98;
10,80;13,65;-2,85;
18,00;11,09;6,91;
9,70;11,70;-2,00;
26,80;21,17;5,63;
14,50;14,55;-0,05;
11,10;12,02;-0,92;
19,90;21,17;-1,27;
14,40;18,81;-4,41;
10,60;10,87;-0,27;
21,00;19,11;1,89;
12,40;13,93;-1,53;
12,50;16,42;-3,92;
21,50;17,75;3,75;
17,00;18,61;-1,61;
22,00;18,16;3,84;
13,20;15,15;-1,95;
11,10;15,43;-4,33;
20,40;17,44;2,96;
11,20;14,13;-2,93;
16,50;15,77;0,73;
10,70;13,82;-3,12;
10,00;12,57;-2,57;
14,90;15,77;-0,87;
11,00;10,74;0,26;
11,90;12,53;-0,63;
11,70;11,43;0,27;
8,40;14,89;-6,49;
7,90;9,94;-2,04;
11,10;14,51;-3,41;
7,10;13,54;-6,44;
10,40;12,14;-1,74;
11,70;14,74;-3,04;
13,30;13,79;-0,49;
14,10;16,36;-2,26;
14,10;13,23;0,87;
12,20;13,63;-1,43;
22,30;20,48;1,82;
17,60;15,68;1,92;
8,20;11,52;-3,32;
10,60;13,49;-2,89;
13,70;15,41;-1,71;
12,80;12,85;-0,05;
13,10;14,77;-1,67;
10,60;11,45;-0,85;
10,80;14,51;-3,71;
7,80;10,45;-2,65;
11,40;12,09;-0,69;
15,00;9,09;5,91;
12,40;16,33;-3,93;
7,60;11,81;-4,21;
9,30;8,54;0,76;
11,00;10,62;0,38;
10,90;13,99;-3,09;
8,30;6,75;1,55;
11,90;11,98;-0,08;
11,40;13,17;-1,77;
14,50;13,61;0,89;
15,20;14,57;0,63;
9,20;11,45;-2,25;
15,70;14,13;1,57;
9,00;9,95;-0,95;
10,60;10,09;0,51;
9,20;9,70;-0,50;
9,70;9,91;-0,21;
12,00;10,68;1,32;
8,90;8,39;0,51;
9,70;10,12;-0,42;
9,90;10,04;-0,14;
11,90;9,77;2,13;
10,90;11,43;-0,53;
9,90;8,23;1,67;
41,60;21,03;20,57;
40,50;22,89;17,61;
17,10;21,22;-4,12;
27,80;20,09;7,71;
18,00;18,58;-0,58;
36,00;26,27;9,73;
27,40;19,72;7,68;
26,50;19,44;7,06;
31,30;19,94;11,36;
9,40;12,06;-2,66;
16,70;16,64;0,06;
14,80;13,45;1,35;
22,80;17,84;4,96;
13,40;16,77;-3,37;
20,90;22,95;-2,05;
18,00;15,94;2,06;
13,30;18,80;-5,50;
13,90;22,20;-8,30;
34,10;17,88;16,22;
32,30;22,13;10,17;
7,60;8,35;-0,75;
12,70;10,20;2,50;
12,90;11,18;1,72;
12,50;11,45;1,05;
14,10;13,80;0,30;
26,20;18,31;7,89;
15,40;11,79;3,61;
11,70;9,30;2,40;
22,00;18,36;3,64;
12,80;11,50;1,30;
17,30;18,08;-0,78;
13,50;12,30;1,20;
10,80;12,00;-1,20;
11,80;10,41;1,39;
11,90;14,26;-2,36;
18,50;14,13;4,37;
10,20;11,56;-1,36;
17,60;12,37;5,23;
10,20;9,88;0,32;
10,30;14,87;-4,57;
16,00;17,83;-1,83;
16,60;11,55;5,05;
17,30;13,02;4,28;
14,70;13,72;0,98;
23,00;19,92;3,08;
16,70;18,73;-2,03;
30,70;16,13;14,58;
7,50;7,99;-0,49;
14,60;22,67;-8,07;
22,90;17,34;5,56;
7,30;11,38;-4,08;
10,90;16,47;-5,57;
15,40;12,26;3,14;
21,00;19,06;1,94;
13,00;12,50;0,50;
13,20;16,64;-3,44;
13,30;13,03;0,27;
18,60;17,92;0,68;
18,30;19,75;-1,45;
10,60;13,31;-2,71;
11,50;12,52;-1,02;
21,00;22,45;-1,45;
14,30;17,06;-2,76;
21,30;16,84;4,46;
11,70;15,03;-3,33;
17,30;18,97;-1,67;
15,00;14,66;0,34;
3,50;19,34;-15,84;
27,40;20,08;7,32;
15,90;17,02;-1,12;
11,10;19,20;-8,10;
15,20;20,84;-5,64;
20,00;22,80;-2,80;
11,60;17,02;-5,42;
14,80;17,06;-2,26;
12,30;13,77;-1,47;
10,90;18,72;-7,82;
11,50;16,13;-4,63;
9,90;12,50;-2,60;
16,50;13,26;3,24;
11,50;14,13;-2,63;
15,80;16,28;-0,48;
13,50;17,11;-3,61;
11,30;14,65;-3,35;
13,40;13,28;0,12;
23,80;19,78;4,02;
12,30;14,98;-2,68;
12,20;11,91;0,29;
42,80;24,03;18,77;
12,30;13,19;-0,89;
10,90;11,38;-0,48;
20,10;19,88;0,23;
15,30;15,06;0,24;
12,70;14,46;-1,76;
12,70;14,62;-1,92;
15,30;17,91;-2,61;
19,00;19,64;-0,64;
15,60;15,43;0,17;
20,90;11,77;9,13;
11,90;12,35;-0,45;
7,60;9,84;-2,24;
17,40;11,73;5,67;
11,00;11,72;-0,72;
19,30;10,53;8,77;
11,70;12,89;-1,19;
13,10;11,55;1,55;
20,70;18,06;2,64;
30,40;18,52;11,88;
25,40;15,20;10,20;
34,20;20,16;14,04;
10,90;10,30;0,60;
12,00;11,82;0,18;
9,90;12,48;-2,58;
7,30;12,21;-4,91;
16,30;13,70;2,60;
11,30;12,35;-1,05;
14,20;11,26;2,94;
13,00;12,16;0,84;
12,80;12,48;0,32;
13,80;17,75;-3,95;
13,50;14,80;-1,30;
12,20;11,48;0,72;
19,10;25,34;-6,24;
11,30;15,04;-3,74;
14,00;14,64;-0,64;
14,40;11,55;2,85;
9,70;13,77;-4,07;
11,80;14,72;-2,92;
22,80;13,19;9,61;
10,00;15,81;-5,81;
26,20;21,05;5,15;
20,60;16,89;3,71;
11,70;14,13;-2,43;
21,20;14,37;6,83;
20,60;24,56;-3,96;
12,00;18,42;-6,42;
13,70;25,89;-12,19;
13,60;22,77;-9,17;
13,70;14,28;-0,58;
15,40;18,61;-3,21;
11,60;16,38;-4,77;
11,40;17,14;-5,74;
13,70;11,65;2,05;
5,10;15,27;-10,17;
9,90;11,58;-1,68;
16,20;16,14;0,06;
11,40;11,63;-0,23;
13,30;11,77;1,53;
11,60;14,20;-2,60;
16,60;9,40;7,20;
6,20;10,44;-4,24;
10,70;10,18;0,52;
8,10;15,79;-7,69;
8,10;9,38;-1,27;
15,80;15,59;0,21;
15,20;15,58;-0,38;
9,20;13,87;-4,67;
11,50;12,05;-0,55;
20,80;16,72;4,08;
13,80;8,74;5,06;
14,10;12,44;1,66;
14,00;12,19;1,81;
14,80;10,01;4,79;
8,40;9,43;-1,03;
9,00;10,91;-1,91;
8,00;11,64;-3,64;
9,10;10,41;-1,31;
12,50;10,96;1,54;
11,80;13,28;-1,48;
21,70;14,33;7,37;
8,20;11,02;-2,82;
16,10;9,43;6,67;
11,80;10,80;1,00;
14,00;13,61;0,39;
12,40;11,83;0,57;
13,30;18,08;-4,78;
29,20;15,81;13,39;
16,20;16,86;-0,66;
22,40;11,29;11,11;
19,90;18,27;1,63;
20,40;22,08;-1,68;
19,50;15,34;4,16;
22,00;17,69;4,31;
11,60;13,66;-2,06;
15,00;15,34;-0,34;
13,10;20,89;-7,79;
19,30;14,63;4,67;
21,60;21,42;0,18;
15,00;16,77;-1,77;
25,40;19,83;5,57;
20,50;17,53;2,97;
13,10;14,55;-1,45;
14,40;16,22;-1,82;
20,00;16,77;3,23;
20,10;14,16;5,94;
5,20;5,03;0,17;
25,00;16,36;8,64;
11,40;12,48;-1,08;
6,70;11,56;-4,86;
20,90;13,16;7,74;
26,40;19,30;7,10;
11,30;14,48;-3,18;
10,50;13,52;-3,02;
9,10;12,50;-3,40;
15,70;19,61;-3,91;
19,80;22,31;-2,51;
8,70;11,99;-3,29;
8,10;19,02;-10,92;
9,00;14,30;-5,30;
8,10;12,50;-4,40;
14,50;17,16;-2,66;
5,50;16,78;-11,28;
7,20;18,14;-10,94;
12,80;11,95;0,85;
13,30;13,13;0,17;
13,50;12,85;0,65;
12,40;17,09;-4,69;
13,10;19,08;-5,98;
14,10;14,05;0,05;
12,40;16,61;-4,21;
9,30;11,94;-2,64;
16,10;14,51;1,59;
7,50;12,02;-4,52;
12,50;14,59;-2,09;
11,80;15,72;-3,92;
11,70;12,25;-0,55;
12,40;14,02;-1,62;
10,40;11,22;-0,82;
11,20;11,52;-0,32;
41,50;15,34;26,16;
18,30;13,03;5,27;
14,70;14,98;-0,28;
16,70;19,25;-2,55;
10,00;12,90;-2,90;
16,80;13,38;3,42;
12,40;12,43;-0,03;
10,60;9,19;1,41;
14,40;10,88;3,52;
13,50;11,50;2,00;
10,40;11,01;-0,61;
6,90;12,11;-5,21;
7,30;9,29;-1,99;
18,10;22,03;-3,93;
40,80;22,92;17,88;
12,60;9,94;2,66;
13,80;11,10;2,70;
14,50;17,59;-3,09;
13,90;15,23;-1,33;
9,10;11,16;-2,06;
11,90;15,55;-3,65;
10,40;11,50;-1,10;
7,70;8,45;-0,75;
10,60;15,58;-4,98;
12,90;10,77;2,13;
13,70;16,27;-2,57;
28,80;13,72;15,08;
17,70;16,56;1,14;
20,10;18,42;1,68;
10,90;8,85;2,05;
10,40;11,13;-0,73;
13,00;13,28;-0,28;
13,30;11,45;1,85;
5,30;10,64;-5,34;
6,50;8,99;-2,49;
12,10;15,70;-3,60;
8,30;13,35;-5,05;
12,10;10,77;1,33;
25,00;21,06;3,94;
17,60;15,88;1,72;
14,00;18,75;-4,75;
9,50;14,39;-4,89;
11,40;15,81;-4,41;
10,90;11,79;-0,89;
6,50;10,67;-4,17;
13,10;13,52;-0,42;
15,30;16,17;-0,87;
13,20;16,69;-3,49;
27,90;18,30;9,60;
11,00;22,09;-11,09;
6,60;13,77;-7,17;
10,20;11,02;-0,82;
10,70;10,48;0,22;
13,40;12,99;0,41;
17,70;11,04;6,66;
13,50;11,06;2,44;
18,00;11,52;6,48;
3,40;13,93;-10,53;
11,60;19,70;-8,10;
10,70;9,48;1,22;
6,50;14,55;-8,05;
22,10;20,70;1,40;
26,80;23,34;3,46;
13,10;20,23;-7,13;
21,80;17,84;3,96;
8,50;20,88;-12,38;
13,20;10,85;2,35;
25,00;15,79;9,21;
23,70;22,09;1,61;
13,30;13,06;0,24;
27,60;21,94;5,66;
10,90;17,67;-6,77;
11,00;8,20;2,80;
9,70;7,03;2,67;
10,60;13,33;-2,73;
8,00;10,67;-2,67;
7,00;16,41;-9,41;
5,70;15,89;-10,19;
5,00;11,09;-6,09;
15,70;12,95;2,75;
8,20;15,79;-7,59;
10,80;14,72;-3,92;
17,40;15,99;1,41;
26,30;18,48;7,82;
17,60;17,78;-0,18;
27,50;18,91;8,59;
9,30;11,95;-2,65;
20,70;20,22;0,48;
17,50;13,03;4,47;
10,10;25,23;-15,13;
7,50;18,86;-11,36;
25,30;21,08;4,22;
27,40;21,73;5,67;
23,40;21,63;1,77;
7,20;17,33;-10,13;
16,30;10,03;6,27;
29,60;25,66;3,94;
19,50;24,81;-5,31;
13,50;13,56;-0,06;
9,50;11,47;-1,97;
8,50;12,80;-4,30;
19,20;18,16;1,04;
15,00;17,52;-2,52;
31,50;26,66;4,84;
16,60;12,33;4,27;
7,80;15,55;-7,75;
13,80;9,84;3,96;
18,90;10,66;8,24;
10,30;10,58;-0,28;
5,80;12,55;-6,75;
9,80;12,18;-2,38;
15,60;18,19;-2,59;
12,30;16,53;-4,23;
13,90;13,68;0,22;
26,20;22,72;3,48;
10,70;13,55;-2,85;
15,00;13,26;1,74;
14,50;14,06;0,44;
11,50;15,55;-4,05;
11,10;16,27;-5,17;
13,30;15,79;-2,49;
16,30;15,60;0,70;
12,20;15,77;-3,57;
22,10;18,97;3,13;
30,80;26,27;4,53;
27,40;21,20;6,20;
25,30;20,94;4,36;
13,00;15,58;-2,58;
9,00;12,70;-3,70;
19,40;18,81;0,59;
19,30;17,00;2,30;
17,70;16,88;0,83;
16,80;17,83;-1,03;
15,10;10,12;4,98;
25,80;15,84;9,96;
29,60;13,88;15,72;
16,90;9,61;7,29;
9,70;9,31;0,39;
14,90;16,56;-1,66;
22,40;15,60;6,80;
31,30;17,38;13,92;
22,00;14,23;7,77;
8,30;15,84;-7,54;
17,30;11,34;5,96;
9,90;14,25;-4,35;
18,80;16,66;2,14;
8,80;9,67;-0,87;
8,20;5,86;2,34;
10,80;12,87;-2,07;
14,00;12,12;1,88;
27,20;12,73;14,47;
12,10;7,24;4,86;
12,60;8,16;4,44;
23,10;10,20;12,90;
21,50;12,50;9,00;
33,10;15,58;17,52;
12,20;7,02;5,18;
15,10;11,56;3,54;
8,10;11,80;-3,70;
14,60;19,16;-4,56;
16,70;14,48;2,22;
17,40;11,27;6,13;
15,30;12,34;2,96;
15,30;13,47;1,83;
28,80;20,64;8,16;
16,60;16,28;0,32;
25,00;17,64;7,36;
24,70;24,23;0,47;
16,80;11,43;5,37;
20,10;15,15;4,95;
8,80;10,66;-1,86;
25,40;13,91;11,49;
10,80;8,35;2,45;
13,50;8,20;5,30;
20,30;10,55;9,75;
20,70;11,82;8,88;
14,50;8,43;6,07;
15,80;13,23;2,57;
15,10;11,58;3,52;
11,80;13,08;-1,28;
15,40;18,19;-2,79;
12,20;10,16;2,04;
12,50;9,08;3,42;
12,70;15,31;-2,61;
10,60;14,23;-3,63;
18,60;8,72;9,88;
18,30;8,09;10,21;
7,40;6,86;0,54;
13,60;13,82;-0,22;
6,50;12,48;-5,98;
9,00;12,06;-3,06;
6,80;10,08;-3,28;
12,20;12,78;-0,58;
11,10;8,33;2,77;
19,70;12,09;7,61;
11,40;13,09;-1,69;
11,90;8,40;3,50;
9,30;8,88;0,42;
21,80;19,86;1,94;
13,80;12,92;0,88;
15,80;7,55;8,25;
13,30;6,25;7,05;
14,30;11,72;2,58;
8,30;6,28;2,02;
11,20;8,39;2,81;
20,10;8,96;11,14;
9,80;6,21;3,59;
23,30;13,23;10,07;
20,30;13,23;7,07;
9,90;13,16;-3,26;
24,50;10,55;13,95;
9,00;10,26;-1,26;
13,30;11,37;1,93;
31,90;12,83;19,07;
24,30;17,30;7,00;
18,20;18,38;-0,17;
17,80;12,11;5,69;
29,60;19,34;10,26;
23,60;11,35;12,25;
32,40;10,97;21,43;
14,50;14,06;0,44;
7,80;10,14;-2,34;
13,80;15,02;-1,22;
5,90;6,14;-0,24;
12,80;9,74;3,06;
14,20;12,97;1,23;
11,00;13,13;-2,13;
20,90;17,88;3,02;
8,60;8,38;0,22;
11,50;9,30;2,20;
15,10;18,20;-3,10;
8,60;10,12;-1,52;
16,80;15,52;1,28;
15,90;17,28;-1,38;
10,20;13,01;-2,81;
9,00;7,69;1,31;
12,40;12,37;0,03;
8,60;9,60;-1,00;
9,50;8,55;0,95;
9,90;11,95;-2,05;
15,20;16,47;-1,27;
10,60;10,06;0,54;
12,10;8,80;3,30;
6,80;9,47;-2,67;
6,10;8,67;-2,57;
14,70;16,28;-1,58;
9,90;7,05;2,85;
10,60;10,71;-0,11;
9,30;11,59;-2,29;
5,20;9,13;-3,93;
13,80;13,01;0,79;
11,80;8,35;3,45;
9,60;13,59;-3,99;
8,20;7,92;0,28;
13,40;12,59;0,81;
10,00;7,73;2,27;
15,50;11,57;3,93;
13,20;15,77;-2,57;
10,50;17,80;-7,30;
9,30;8,61;0,69;
19,80;14,00;5,80;
16,50;14,14;2,36;
6,30;16,69;-10,39;
10,90;15,31;-4,41;
9,30;8,08;1,22;
8,30;8,90;-0,60;
15,80;15,11;0,69;
17,20;13,91;3,29;
15,40;12,99;2,41;
8,30;6,76;1,54;
9,90;6,11;3,79;
14,00;11,60;2,40;
9,20;13,70;-4,50;
14,10;11,02;3,08;
12,10;16,75;-4,65;
6,00;6,50;-0,50;
5,60;6,98;-1,38;
4,70;7,72;-3,02;
9,60;8,70;0,90;
16,00;14,96;1,04;
12,50;10,86;1,64;
12,70;18,80;-6,10;
14,00;8,67;5,33;
9,50;17,25;-7,75;
11,70;10,64;1,06;
22,40;12,07;10,33;
23,70;12,88;10,83;
22,80;12,73;10,07;
18,10;12,45;5,65;
13,50;11,54;1,96;
9,30;5,30;4,00;
15,30;9,47;5,83;
8,70;7,25;1,45;
11,00;15,03;-4,03;
4,50;8,28;-3,78;
13,30;7,66;5,64;
10,70;13,13;-2,43;
12,10;11,33;0,77;
15,30;14,72;0,58;
5,50;5,54;-0,04;
6,60;10,45;-3,85;
15,90;13,11;2,79;
15,50;18,78;-3,28;
13,30;17,34;-4,04;
12,40;10,13;2,27;
12,00;11,52;0,48;
15,90;10,65;5,25;
11,40;16,44;-5,04;
12,60;8,37;4,23;
11,30;7,13;4,18;
10,50;9,13;1,38;
10,60;15,24;-4,64;
13,30;16,70;-3,40;
10,10;5,43;4,67;
23,00;14,55;8,45;
16,80;19,39;-2,59;
19,00;18,39;0,61;
11,50;14,50;-3,00;
19,60;23,58;-3,98;
15,90;19,91;-4,01;
8,60;12,73;-4,13;
15,40;13,65;1,75;
9,70;9,00;0,70;
10,50;9,20;1,30;
14,70;9,33;5,37;
13,70;19,70;-6,00;
13,70;16,08;-2,38;
11,00;10,41;0,59;
13,40;8,35;5,05;
16,40;11,02;5,38;
16,50;18,70;-2,20;
19,60;18,13;1,48;
9,40;8,66;0,74;
8,80;10,24;-1,44;
11,40;7,24;4,16;
10,20;23,89;-13,69;
14,60;16,63;-2,02;
23,70;18,55;5,15;
14,90;11,42;3,48;
12,50;19,52;-7,02;
16,60;16,50;0,10;
25,50;24,77;0,73;
17,80;22,03;-4,23;
13,50;12,59;0,91;
11,50;17,47;-5,97;
10,30;13,99;-3,69;
9,60;13,30;-3,70;
14,00;19,16;-5,16;
13,80;16,56;-2,76;
13,30;15,68;-2,38;
16,40;19,53;-3,13;
12,30;15,63;-3,32;
17,30;19,75;-2,45;
27,30;16,75;10,55;
17,30;11,38;5,92;
14,30;13,54;0,76;
23,20;21,38;1,83;
12,40;16,23;-3,83;
11,90;16,00;-4,10;
19,90;24,38;-4,48;
14,90;19,03;-4,13;
13,70;18,86;-5,16;
13,90;17,84;-3,94;
10,30;13,20;-2,90;
15,60;14,67;0,93;
7,70;12,19;-4,49;
10,70;15,11;-4,41;
13,10;17,00;-3,90;
15,00;14,23;0,77;
12,80;9,72;3,08;
14,10;10,44;3,66;
10,70;14,23;-3,53;
12,10;11,82;0,28;
12,80;12,89;-0,09;
14,50;17,47;-2,97;
18,90;21,77;-2,87;
18,10;17,95;0,15;
15,70;16,91;-1,21;
21,00;20,78;0,22;
16,20;16,97;-0,77;
21,60;20,03;1,57;
11,90;10,67;1,23;
18,30;24,06;-5,76;
20,20;18,72;1,48;
23,30;16,31;6,99;
18,10;12,52;5,58;
12,60;12,35;0,25;
16,00;18,66;-2,66;
20,40;17,39;3,01;
13,90;13,91;-0,01;
14,70;17,00;-2,30;
29,80;23,55;6,25;
11,60;13,34;-1,74;
9,50;13,42;-3,92;
10,70;8,59;2,11;
76,30;25,47;50,83;
18,10;13,42;4,68;
22,80;16,38;6,42;
14,00;15,88;-1,88;
15,30;9,31;5,99;
12,70;5,85;6,85;
14,70;5,89;8,81;
14,50;12,43;2,07;
5,10;4,84;0,26;
13,50;8,65;4,85;
12,40;10,90;1,50;
12,50;11,13;1,37;
12,90;6,55;6,35;
32,40;16,52;15,88;
7,30;17,28;-9,98;
18,90;5,73;13,17;
11,70;7,95;3,75;
9,70;12,71;-3,01;
7,40;13,94;-6,54;
7,90;13,56;-5,66;
13,00;9,13;3,87;
13,00;14,51;-1,51;
12,50;13,77;-1,27;
15,50;16,03;-0,53;
12,00;10,05;1,95;
15,80;14,82;0,98;
9,70;8,95;0,75;
14,90;14,45;0,45;
10,20;11,50;-1,30;
16,50;12,66;3,84;
11,70;10,78;0,92;
12,80;23,88;-11,07;
10,10;8,66;1,44;
25,30;12,62;12,68;
13,40;15,01;-1,61;
9,60;12,13;-2,53;
14,60;11,42;3,18;
13,00;10,19;2,81;
12,00;9,01;2,99;
17,60;14,39;3,21;
12,60;8,98;3,62;
10,90;8,89;2,01;
14,00;15,91;-1,91;
25,10;23,41;1,69;
10,50;8,04;2,46;
9,30;10,77;-1,47;
10,50;8,88;1,62;
12,50;13,75;-1,25;
13,50;9,95;3,55;
13,10;22,59;-9,49;
19,20;11,06;8,14;
9,50;8,66;0,84;
9,00;11,47;-2,47;
9,70;8,09;1,61;
14,50;14,25;0,25;
29,40;19,13;10,27;
6,10;7,99;-1,89;
6,70;9,82;-3,12;
7,30;16,27;-8,97;
8,90;14,23;-5,33;
9,10;13,42;-4,32;
11,40;10,21;1,19;
7,30;15,36;-8,06;
8,60;8,94;-0,34;
5,50;10,33;-4,83;
7,20;14,11;-6,91;
5,50;6,70;-1,20;
10,10;10,11;-0,01;
7,80;12,38;-4,58;
9,90;15,16;-5,26;
9,20;11,38;-2,18;
9,30;10,95;-1,65;
7,90;9,15;-1,25;
14,10;12,60;1,50;
13,60;9,30;4,30;
10,30;11,04;-0,74;
7,80;17,89;-10,09;
8,80;18,36;-9,56;
10,90;7,58;3,32;
10,30;9,73;0,57;
9,90;17,94;-8,04;
10,30;10,76;-0,46;
16,60;12,87;3,73;
7,20;7,97;-0,77;
16,60;13,22;3,38;
8,90;15,34;-6,44;
8,80;13,33;-4,53;
6,40;14,33;-7,93;
7,60;12,33;-4,73;
7,70;12,95;-5,25;
6,80;13,11;-6,31;
8,70;10,23;-1,53;
9,70;13,38;-3,68;
12,70;15,01;-2,31;
9,70;10,36;-0,66;
9,70;11,98;-2,28;
12,30;12,91;-0,61;
10,80;10,88;-0,08;
18,20;12,28;5,92;
10,00;11,41;-1,41;
10,90;16,97;-6,07;
7,70;10,69;-2,99;
8,00;14,04;-6,04;
6,90;12,35;-5,45;
8,00;10,89;-2,89;
12,90;12,44;0,46;
9,20;11,21;-2,01;
9,60;13,26;-3,66;
16,90;12,09;4,81;
15,50;13,80;1,70;
11,90;11,74;0,16;
9,40;10,91;-1,51;
9,80;11,82;-2,02;
13,70;8,86;4,84;
6,10;10,16;-4,06;
9,30;12,09;-2,79;
14,00;12,74;1,26;
11,10;11,11;-0,01;
7,20;8,44;-1,24;
13,40;11,03;2,37;
12,80;9,94;2,86;
11,80;9,92;1,88;
11,60;13,55;-1,95;
14,30;14,48;-0,18;
7,50;9,52;-2,02;
9,20;12,48;-3,28;
18,50;15,79;2,71;
10,00;17,47;-7,47;
8,50;13,84;-5,34;
17,10;13,61;3,49;
14,40;16,19;-1,79;
8,90;11,98;-3,08;
6,20;10,25;-4,05;
7,60;12,78;-5,18;
14,30;9,36;4,94;
10,40;8,31;2,09;
10,60;9,22;1,38;
14,80;9,19;5,61;
7,90;10,26;-2,36;
11,60;16,77;-5,17;
7,90;13,66;-5,76;
10,90;10,12;0,78;
13,30;12,78;0,52;
6,10;9,42;-3,32;
6,60;9,43;-2,83;
18,10;10,59;7,51;
9,70;8,66;1,04;
14,50;12,52;1,98;
7,10;10,02;-2,92;
13,30;17,02;-3,72;
12,00;13,59;-1,59;
10,20;10,55;-0,35;
9,30;7,74;1,56;
10,80;10,27;0,53;
7,80;8,24;-0,44;
14,00;9,61;4,39;
13,10;12,51;0,59;
7,80;11,09;-3,29;
14,10;10,55;3,55;
15,20;15,60;-0,40;
9,10;9,06;0,04;
7,30;7,57;-0,27;
11,70;12,80;-1,10;
8,80;10,41;-1,61;
13,80;11,55;2,25;
6,40;11,61;-5,21;
11,00;12,99;-1,99;
10,00;15,22;-5,22;
8,40;8,73;-0,33;
10,10;11,32;-1,22;
8,90;13,04;-4,14;
11,70;6,23;5,47;
10,20;9,41;0,79;
18,50;13,56;4,94;
13,00;10,80;2,20;
7,90;9,86;-1,96;
10,20;10,23;-0,03;
12,70;18,73;-6,03;
10,00;12,83;-2,83;
13,70;12,23;1,47;
13,20;18,11;-4,91;
8,20;14,09;-5,89;
8,80;12,55;-3,75;
6,90;10,96;-4,06;
9,50;15,52;-6,02;
10,90;15,41;-4,51;
8,60;11,28;-2,68;
17,00;17,48;-0,48;
10,60;13,30;-2,70;
7,60;18,34;-10,74;
9,70;11,91;-2,21;
13,20;15,86;-2,66;
9,50;16,05;-6,55;
9,90;17,25;-7,35;
10,80;14,97;-4,17;
9,80;15,91;-6,11;
7,50;13,73;-6,23;
10,50;16,02;-5,52;
13,80;15,34;-1,54;
9,10;12,59;-3,49;
11,30;14,02;-2,72;
43,60;19,70;23,90;
7,40;12,80;-5,40;
10,40;15,17;-4,77;
9,00;16,61;-7,61;
4,40;12,14;-7,74;
13,50;13,91;-0,41;
3,40;4,73;-1,33;
8,80;11,28;-2,48;
12,00;12,77;-0,77;
10,40;15,99;-5,59;
12,60;13,91;-1,31;
9,80;16,27;-6,47;
13,80;19,25;-5,45;
19,10;13,70;5,40;
16,40;8,48;7,92;
2,40;8,67;-6,27;
18,10;23,00;-4,90;
11,90;16,23;-4,33;
15,30;17,05;-1,75;
10,20;11,44;-1,24;
17,80;11,31;6,49;
11,90;13,73;-1,83;
17,20;11,91;5,29;
12,30;14,37;-2,07;
7,10;13,13;-6,03;
9,10;11,04;-1,94;
12,20;10,09;2,11;
13,00;8,64;4,36;
11,70;11,33;0,37;
11,70;12,83;-1,13;
6,40;13,04;-6,64;
10,40;12,18;-1,78;
8,10;10,82;-2,72;
11,90;11,68;0,22;
9,90;10,06;-0,16;
9,60;8,00;1,60;
5,20;8,73;-3,53;
9,40;15,03;-5,63;
9,60;10,12;-0,52;
10,00;16,48;-6,48;
7,00;12,43;-5,43;
11,10;17,98;-6,88;
8,00;8,65;-0,65;
5,40;9,02;-3,62;
10,50;13,68;-3,18;
6,10;14,98;-8,88;
5,50;9,20;-3,70;
8,00;9,33;-1,33;
8,80;10,91;-2,11;
7,90;11,63;-3,72;
7,00;9,14;-2,14;
9,40;8,96;0,44;
6,60;14,53;-7,93;
8,40;11,01;-2,61;
9,20;12,73;-3,53;
12,20;18,47;-6,27;
6,60;10,09;-3,49;
7,00;12,04;-5,04;
7,60;13,45;-5,85;
9,30;11,81;-2,51;
17,70;14,23;3,47;
7,90;10,91;-3,01;
23,30;11,29;12,01;
5,90;9,17;-3,27;
10,20;12,16;-1,96;
9,70;9,52;0,18;
8,00;18,27;-10,27;
6,80;13,87;-7,07;
6,00;12,88;-6,88;
16,50;14,71;1,79;
10,70;17,86;-7,16;
7,50;12,71;-5,21;
8,80;15,61;-6,81;
8,20;10,05;-1,85;
10,30;9,84;0,46;
9,70;11,61;-1,91;
10,40;7,86;2,54;
10,10;8,62;1,48;
8,70;9,63;-0,93;
6,40;10,90;-4,50;
10,00;16,86;-6,86;
8,70;10,22;-1,52;
8,60;9,56;-0,96;
12,20;15,24;-3,04;
12,90;16,55;-3,65;
7,30;13,23;-5,93;
8,30;13,82;-5,52;
12,30;16,25;-3,95;
9,20;13,47;-4,27;
10,50;12,69;-2,19;
19,90;18,03;1,87;
9,80;13,94;-4,14;
21,50;10,45;11,05;
9,40;15,91;-6,51;
8,20;20,08;-11,88;
10,80;9,79;1,01;
8,30;13,20;-4,90;
8,30;15,08;-6,78;
11,40;13,38;-1,98;
36,60;20,67;15,93;
12,90;15,20;-2,30;
8,30;12,95;-4,65;
17,70;10,73;6,97;
12,80;16,13;-3,32;
10,50;16,86;-6,36;
9,80;13,54;-3,74;
10,70;12,85;-2,15;
11,00;13,33;-2,33;
9,20;10,26;-1,06;
15,20;15,87;-0,67;
9,00;12,59;-3,59;
9,30;12,19;-2,89;
14,20;15,73;-1,53;
9,50;12,90;-3,40;
11,70;15,61;-3,91;
8,00;10,19;-2,19;
8,50;13,34;-4,84;
20,20;16,23;3,97;
23,80;13,95;9,85;
8,30;10,13;-1,83;
14,20;14,41;-0,21;
17,50;10,13;7,37;
12,50;13,45;-0,95;
13,80;12,71;1,09;
12,50;12,69;-0,19;
9,20;15,45;-6,25;
6,00;10,49;-4,49;
7,30;8,66;-1,36;
14,20;13,70;0,50;
24,20;17,16;7,04;
12,40;13,33;-0,93;
11,80;11,13;0,67;
23,90;23,11;0,79;
30,90;20,34;10,56;
18,90;12,78;6,12;
13,90;13,11;0,79;
7,50;18,20;-10,70;
16,80;11,91;4,89;
10,10;23,83;-13,73;
5,70;12,99;-7,29;
16,70;11,98;4,72;
22,90;14,32;8,58;
19,70;13,30;6,40;
10,10;21,72;-11,62;
9,50;12,50;-3,00;
16,10;12,55;3,55;
25,00;14,55;10,45;
18,00;21,25;-3,25;
17,40;16,47;0,93;
11,30;10,35;0,95;
15,80;18,38;-2,57;
21,40;13,26;8,14;
12,70;9,98;2,72;
15,80;16,48;-0,68;
26,60;28,08;-1,48;
80,80;31,67;49,13;
25,60;17,05;8,55;
20,00;21,05;-1,05;
32,10;18,92;13,18;
23,60;11,76;11,84;
29,20;28,88;0,33;
24,00;18,06;5,94;
16,50;22,20;-5,70;
24,80;17,70;7,10;
16,10;15,13;0,97;
15,10;16,31;-1,21;
31,80;17,97;13,83;
15,70;20,05;-4,35;
23,30;21,14;2,16;
18,90;14,06;4,84;
28,50;17,56;10,94;
20,70;14,32;6,38;
49,30;24,47;24,83;
21,30;18,84;2,46;
18,20;21,45;-3,25;
22,40;21,56;0,84;
34,60;26,52;8,08;
20,30;25,38;-5,08;
24,70;17,78;6,92;
19,70;19,06;0,64;
27,90;15,55;12,35;
21,40;18,11;3,29;
21,00;14,74;6,26;
17,00;15,79;1,21;
16,40;14,27;2,13;
22,70;12,57;10,13;
41,10;26,48;14,62;
19,80;20,78;-0,98;
15,30;17,73;-2,43;
21,80;26,08;-4,28;
13,40;11,04;2,36;
26,80;19,50;7,30;
27,70;16,36;11,34;
18,30;15,31;2,99;
19,60;13,38;6,23;
23,50;19,91;3,59;
27,80;21,34;6,46;
16,40;13,89;2,51;
19,50;19,08;0,42;
17,00;17,16;-0,16;
11,30;16,00;-4,70;
20,80;23,30;-2,50;
20,90;18,77;2,13;
10,60;13,42;-2,82;
12,60;11,77;0,83;
13,80;21,50;-7,70;
19,70;15,63;4,07;
17,80;14,25;3,55;
33,10;20,13;12,97;
13,40;17,92;-4,52;
15,50;18,08;-2,58;
15,00;12,92;2,08;
19,10;16,56;2,54;
9,70;11,27;-1,57;
10,80;8,45;2,35;
25,20;17,69;7,51;
15,10;13,73;1,37;
10,50;10,95;-0,45;
18,10;12,60;5,50;
17,70;14,43;3,27;
29,00;20,66;8,34;
21,20;12,02;9,18;
27,80;17,38;10,42;
19,10;16,28;2,82;
15,80;14,12;1,68;
23,60;22,08;1,52;
17,30;11,77;5,53;
12,50;8,40;4,10;
16,30;10,83;5,47;
20,60;14,04;6,56;
19,10;19,92;-0,82;
20,00;14,37;5,63;
23,00;19,25;3,75;
16,90;16,55;0,35;
11,60;10,40;1,20;
15,00;10,83;4,17;
18,90;13,21;5,69;
22,10;12,84;9,26;
44,30;27,03;17,27;
14,40;12,18;2,22;
18,90;12,55;6,35;
16,90;12,09;4,81;
22,30;15,91;6,39;
18,60;13,99;4,61;
20,50;16,97;3,53;
73,80;25,42;48,38;
16,40;13,41;2,99;
20,10;13,75;6,35;
19,40;13,06;6,34;
22,60;15,50;7,10;
12,00;13,49;-1,49;
17,80;13,65;4,15;
11,50;9,63;1,87;
20,40;15,95;4,45;
10,20;10,99;-0,79;
19,80;12,89;6,91;
13,00;11,02;1,98;
17,70;12,43;5,27;
28,90;16,47;12,43;
22,20;14,26;7,94;
45,80;19,92;25,88;
11,60;12,65;-1,05;
13,10;14,65;-1,55;
26,80;18,61;8,19;
19,20;12,59;6,61;
14,50;9,13;5,38;
12,30;12,14;0,16;
12,60;12,28;0,32;
13,00;14,98;-1,98;
27,10;20,22;6,88;
11,20;13,81;-2,61;
15,00;14,71;0,29;
38,20;21,48;16,72;
12,30;11,48;0,82;
16,90;12,02;4,88;
18,30;11,26;7,04;
18,20;9,81;8,39;
11,50;10,80;0,70;
32,30;19,66;12,64;
10,50;14,51;-4,01;
22,70;15,05;7,65;
21,30;13,91;7,39;
20,00;18,69;1,31;
12,30;13,61;-1,31;
14,30;14,37;-0,07;
17,10;16,23;0,87;
23,20;11,23;11,97;
16,10;12,80;3,30;
12,20;14,30;-2,10;
13,70;12,21;1,49;
15,70;15,77;-0,07;
16,60;15,99;0,61;
15,70;18,42;-2,72;
20,10;15,05;5,05;
13,00;15,03;-2,03;
12,30;14,23;-1,93;
15,10;16,27;-1,17;
14,10;11,66;2,44;
10,90;9,84;1,06;
17,60;12,90;4,70;
13,20;12,53;0,67;
13,00;12,80;0,20;
21,70;18,38;3,33;
22,50;13,94;8,56;
15,20;13,84;1,36;
24,40;20,03;4,37;
13,60;11,45;2,15;
21,60;13,59;8,01;
20,80;20,31;0,49;
12,10;10,61;1,49;
10,30;13,52;-3,22;
12,40;10,89;1,51;
12,60;10,95;1,65;
18,50;12,05;6,45;
18,70;15,45;3,25;
14,30;10,51;3,79;
15,80;12,45;3,35;
23,40;18,17;5,23;
25,10;12,67;12,43;
16,60;13,06;3,54;
8,40;11,67;-3,27;
15,00;14,72;0,28;
17,30;13,70;3,60;
9,70;13,10;-3,40;
29,90;9,96;19,94;
8,50;8,27;0,23;
15,40;12,78;2,62;
12,50;10,14;2,36;
16,40;20,27;-3,87;
17,30;14,53;2,77;
29,40;14,38;15,02;
7,90;18,77;-10,87;
17,20;16,47;0,73;
34,00;17,19;16,81;
14,30;12,66;1,64;
15,70;12,21;3,49;
12,50;12,66;-0,16;
9,30;12,55;-3,25;
21,70;13,33;8,37;
26,30;14,63;11,67;
17,30;12,41;4,89;
34,60;20,47;14,13;
25,70;14,28;11,42;
20,20;17,19;3,01;
33,40;21,64;11,76;
15,30;15,65;-0,35;
27,20;15,45;11,75;
29,00;18,02;10,98;
9,20;11,13;-1,93;
15,70;13,59;2,11;
24,40;15,77;8,63;
22,80;12,74;10,06;
16,80;17,09;-0,29;
31,00;20,27;10,73;
21,90;20,55;1,35;
9,90;14,41;-4,51;
14,00;15,95;-1,95;
11,40;11,81;-0,41;
16,50;13,86;2,64;
11,80;11,38;0,42;
17,40;11,77;5,63;
13,10;14,06;-0,96;
18,50;14,82;3,68;
14,10;13,21;0,89;
22,10;14,44;7,66;
18,40;20,66;-2,26;
15,80;10,66;5,14;
27,90;18,30;9,60;
12,10;17,03;-4,93;
16,70;6,73;9,97;
10,10;14,84;-4,74;
12,50;9,13;3,37;
17,80;9,38;8,42;
36,90;21,11;15,79;
10,20;9,65;0,55;
21,80;15,72;6,08;
14,20;12,11;2,09;
10,70;10,41;0,29;
16,90;11,40;5,50;
9,60;15,73;-6,13;
22,10;13,08;9,02;
14,60;12,23;2,37;
14,90;11,45;3,45;
19,80;12,43;7,37;
37,00;17,88;19,13;
23,20;11,17;12,03;
20,90;8,85;12,05;
16,50;12,48;4,02;
20,60;13,01;7,59;
21,20;16,67;4,53;
21,90;15,13;6,77;
15,10;13,04;2,06;
14,20;9,26;4,94;
10,40;9,79;0,61;
17,00;11,24;5,76;
29,00;16,78;12,22;
8,40;4,62;3,78;
26,10;16,47;9,63;
32,90;14,67;18,23;
17,10;12,48;4,62;
17,10;10,50;6,60;
19,80;15,59;4,21;
20,40;16,52;3,88;
9,60;8,26;1,34;
16,90;14,11;2,79;
10,20;10,51;-0,31;
18,80;12,52;6,28;
12,00;11,95;0,05;
12,60;14,58;-1,98;
15,20;11,94;3,26;
17,70;18,56;-0,86;
11,00;11,13;-0,13;
17,30;19,73;-2,43;
18,30;14,23;4,07;
38,60;11,91;26,69;
9,40;8,87;0,53;
13,10;7,27;5,83;
10,80;10,62;0,18;
21,60;14,55;7,05;
12,50;15,36;-2,86;
13,70;13,13;0,57;
22,00;16,13;5,88;
25,80;17,39;8,41;
16,80;12,43;4,37;
28,40;8,63;19,77;
7,20;7,16;0,04;
5,60;11,38;-5,78;
14,70;12,38;2,32;
4,60;9,30;-4,70;
11,80;12,89;-1,09;
6,50;13,56;-7,06;
9,50;13,21;-3,71;
15,90;21,11;-5,21;
10,60;10,02;0,58;
11,10;16,05;-4,95;
20,50;17,20;3,30;
8,00;7,12;0,88;
15,80;17,00;-1,20;
18,40;12,14;6,26;
15,70;14,02;1,68;
14,30;8,63;5,68;
13,90;12,05;1,85;
13,70;14,36;-0,66;
9,60;14,92;-5,32;
13,40;7,95;5,45;
14,20;10,01;4,19;
20,00;14,06;5,94;
19,70;15,38;4,33;
11,60;10,02;1,58;
12,30;9,87;2,43;
10,40;11,99;-1,59;
12,50;10,05;2,45;
9,50;12,13;-2,63;
7,40;9,70;-2,30;
8,00;10,55;-2,55;
12,30;15,84;-3,54;
10,50;15,05;-4,55;
9,40;14,63;-5,23;
9,90;15,38;-5,48;
13,30;14,71;-1,41;
35,40;15,38;20,03;
24,20;17,83;6,37;
14,60;13,47;1,13;
15,70;14,53;1,17;
12,70;15,29;-2,59;
15,70;15,17;0,53;
16,30;13,35;2,95;
11,00;13,59;-2,59;
24,30;16,86;7,44;
16,90;16,42;0,48;
10,20;10,62;-0,42;
15,00;14,20;0,80;
13,00;14,53;-1,53;
22,60;17,00;5,60;
14,80;13,06;1,74;
16,70;14,41;2,29;
10,20;12,55;-2,35;
10,80;14,32;-3,52;
7,80;11,73;-3,93;
13,80;14,30;-0,50;
13,90;14,63;-0,73;
29,40;17,28;12,12;
12,80;10,14;2,66;
5,20;9,31;-4,11;
18,50;12,73;5,77;
29,30;16,42;12,88;
25,90;18,73;7,17;
13,50;12,35;1,15;
12,20;13,02;-0,82;
13,10;11,63;1,48;
13,70;12,64;1,06;
12,10;8,25;3,85;
9,80;10,11;-0,31;
8,50;12,34;-3,84;
14,80;10,99;3,81;
16,90;12,66;4,24;
15,60;10,47;5,13;
10,70;10,66;0,04;
9,00;9,34;-0,34;
15,10;13,04;2,06;
24,60;9,45;15,15;
16,30;9,08;7,22;
40,80;14,50;26,30;
13,70;10,66;3,04;
14,20;10,91;3,29;
16,80;12,73;4,07;
8,00;12,97;-4,97;
5,60;10,05;-4,45;
7,00;10,01;-3,01;
9,80;12,66;-2,86;
19,90;19,00;0,90;
9,50;15,48;-5,98;
8,30;13,63;-5,32;
14,80;12,38;2,42;
19,30;14,58;4,72;
16,50;11,95;4,55;
13,50;12,97;0,53;
54,20;18,66;35,54;
31,10;17,36;13,74;
22,70;17,66;5,04;
12,90;9,55;3,35;
16,30;13,40;2,90;
22,50;17,00;5,50;
12,60;13,91;-1,31;
11,40;14,72;-3,32;
10,40;12,09;-1,69;
14,90;19,30;-4,40;
17,00;20,77;-3,77;
58,40;15,40;43,00;
27,20;13,97;13,23;
16,80;15,38;1,42;
16,90;19,30;-2,40;
13,70;17,50;-3,80;
14,50;22,95;-8,45;
18,50;21,55;-3,05;
11,10;26,25;-15,15;
16,40;15,34;1,06;
26,00;22,52;3,48;
19,30;15,01;4,29;
15,60;15,45;0,15;
7,70;17,78;-10,08;
10,80;11,73;-0,93;
10,40;13,52;-3,12;
12,00;14,07;-2,07;
16,10;15,08;1,02;
17,30;9,31;7,99;
14,20;17,56;-3,36;
8,10;16,80;-8,70;
9,10;16,59;-7,49;
22,20;22,73;-0,53;
22,20;20,47;1,73;
19,20;19,08;0,12;
19,30;17,09;2,21;
14,10;21,88;-7,77;
12,00;19,50;-7,50;
11,30;10,30;1,00;
24,10;23,20;0,90;
10,90;14,25;-3,35;
14,00;14,67;-0,67;
16,00;16,45;-0,45;
18,00;18,11;-0,11;
13,30;15,38;-2,08;
17,60;15,98;1,62;
15,60;20,47;-4,87;
13,60;12,19;1,41;
18,70;15,41;3,29;
13,20;19,53;-6,33;
20,60;19,67;0,93;
20,60;17,20;3,40;
11,40;14,89;-3,49;
11,80;11,74;0,06;
9,20;14,23;-5,03;
20,00;18,42;1,58;
19,70;22,38;-2,67;
15,70;13,11;2,59;
13,30;10,20;3,10;
13,20;10,20;3,00;
11,80;10,77;1,03;
11,80;18,00;-6,20;
9,80;10,50;-0,70;
12,20;11,76;0,44;
19,30;20,27;-0,97;
27,60;16,50;11,10;
12,20;15,08;-2,88;
26,20;13,63;12,57;
14,10;10,14;3,96;
16,10;18,33;-2,23;
10,30;8,50;1,80;
16,40;15,65;0,75;
15,40;15,48;-0,08;
29,70;19,00;10,70;
14,90;15,48;-0,58;
19,30;17,84;1,46;
12,50;13,72;-1,22;
15,40;13,93;1,47;
15,10;14,13;0,97;
17,80;15,20;2,60;
12,00;13,21;-1,21;
8,50;8,14;0,36;
17,70;17,80;-0,10;
16,30;11,80;4,50;
11,40;10,72;0,68;
12,90;8,18;4,72;
12,60;11,02;1,58;
20,80;21,28;-0,48;
12,60;11,33;1,27;
12,10;9,45;2,65;
9,00;13,02;-4,02;
8,70;7,70;1,00;
11,90;13,24;-1,34;
11,40;10,14;1,26;
12,50;11,09;1,41;
9,30;7,01;2,29;
15,00;12,65;2,35;
14,40;11,13;3,27;
8,80;15,72;-6,92;
20,20;7,41;12,79;
8,90;12,35;-3,45;
9,30;9,41;-0,11;
15,10;12,06;3,04;
11,00;10,05;0,95;
12,50;8,98;3,52;
9,30;9,29;0,01;
11,60;9,13;2,47;
30,50;18,97;11,53;
16,20;8,14;8,06;
13,50;11,90;1,60;
12,90;10,51;2,39;
9,90;10,82;-0,92;
11,00;12,73;-1,73;
14,80;12,80;2,00;
12,80;13,65;-0,85;
11,00;10,88;0,12;
7,40;12,89;-5,49;
11,50;10,92;0,58;
17,00;16,16;0,84;
16,30;16,86;-0,56;
11,40;17,34;-5,94;
16,00;20,08;-4,08;
20,40;17,31;3,09;
21,10;19,02;2,08;
12,60;16,08;-3,48;
12,00;12,04;-0,04;
15,40;13,59;1,81;
7,50;13,97;-6,47;
15,10;12,09;3,01;
7,60;14,39;-6,79;
3,30;12,83;-9,53;
14,10;13,87;0,23;
11,30;8,18;3,12;
15,90;15,19;0,71;
10,60;15,34;-4,74;
14,60;17,53;-2,93;
15,10;15,91;-0,81;
11,80;7,69;4,11;
7,70;13,35;-5,65;
10,40;16,77;-6,37;
13,20;10,56;2,64;
11,70;14,09;-2,39;
12,90;14,16;-1,26;
13,20;12,95;0,25;
9,40;14,04;-4,64;
7,50;9,99;-2,49;
14,40;16,13;-1,73;
10,30;13,63;-3,33;
18,20;15,10;3,10;
13,40;18,28;-4,88;
6,70;6,54;0,16;
12,70;9,19;3,51;
14,10;9,23;4,87;
8,00;11,68;-3,68;
6,30;11,14;-4,84;
13,60;14,11;-0,51;
18,00;13,77;4,23;
11,30;14,82;-3,52;
4,50;12,25;-7,75;
6,10;11,84;-5,74;
7,00;20,89;-13,89;
17,10;15,23;1,87;
17,00;19,59;-2,59;
26,10;14,27;11,83;
20,50;16,84;3,66;
11,40;17,44;-6,04;
16,60;18,23;-1,63;
12,10;16,41;-4,31;
13,30;20,66;-7,36;
11,40;20,66;-9,26;
18,10;18,64;-0,54;
7,00;20,28;-13,28;
11,10;10,35;0,75;
22,50;18,33;4,17;
9,70;20,31;-10,61;
18,00;13,84;4,16;
13,40;17,25;-3,85;
17,80;19,94;-2,14;
18,90;12,26;6,64;
12,90;12,69;0,21;
12,30;21,17;-8,87;
21,10;22,33;-1,23;
12,50;14,82;-2,32;
5,70;11,97;-6,27;
30,90;21,97;8,93;
18,30;24,28;-5,98;
6,90;11,60;-4,70;
17,50;14,21;3,29;
12,90;12,78;0,12;
13,30;14,41;-1,11;
0,00;17,33;-17,33;
36,10;9,94;26,16;
8,30;16,27;-7,97;
17,50;21,84;-4,34;
14,40;9,98;4,42;
7,10;13,30;-6,20;
10,20;12,96;-2,76;
8,60;17,00;-8,40;
21,00;19,64;1,36;
2,20;15,48;-13,28;
10,00;15,05;-5,05;
24,60;15,65;8,95;
14,70;20,66;-5,96;
5,30;16,05;-10,75;
15,80;12,90;2,90;
8,20;14,48;-6,28;
16,90;20,27;-3,37;
2,20;15,13;-12,93;
13,70;20,63;-6,93;
16,10;17,09;-0,99;
14,30;21,00;-6,70;
10,20;11,77;-1,57;
7,40;14,71;-7,31;
4,60;12,55;-7,95;
21,50;13,38;8,13;
6,60;13,60;-7,00;
7,40;12,51;-5,11;
9,60;12,51;-2,91;
5,10;11,33;-6,23;
19,30;22,97;-3,67;
11,40;18,08;-6,68;
16,50;14,34;2,16;
23,60;13,77;9,83;
7,20;13,23;-6,03;
0,00;10,48;-10,48;
11,50;13,94;-2,44;
11,40;10,06;1,34;
13,30;15,19;-1,89;
24,20;13,88;10,32;
8,90;15,50;-6,60;
11,30;10,91;0,39;
7,10;11,93;-4,83;
18,90;16,27;2,63;
9,60;13,84;-4,24;
2,20;17,06;-14,86;
6,20;9,89;-3,69;
47,30;21,39;25,91;
5,90;13,23;-7,33;
11,10;9,42;1,68;
9,80;10,23;-0,43;
5,20;8,63;-3,43;
11,00;11,09;-0,09;
7,10;9,45;-2,35;
3,50;7,41;-3,91;
9,40;8,66;0,74;
19,80;17,97;1,83;
7,30;15,67;-8,37;
6,20;11,10;-4,90;
20,20;17,80;2,40;
5,90;14,80;-8,90;
2,80;12,99;-10,19;
15,00;22,30;-7,30;
14,40;13,23;1,17;
15,00;12,14;2,86;
11,50;14,70;-3,20;
7,80;16,42;-8,62;
4,50;9,13;-4,63;
11,00;17,58;-6,58;
11,70;15,48;-3,78;
8,80;11,46;-2,66;
7,30;14,55;-7,25;
22,40;18,44;3,96;
10,30;12,55;-2,25;
15,30;23,08;-7,78;
7,50;11,06;-3,56;
11,60;12,16;-0,56;
9,10;12,70;-3,60;
3,50;11,02;-7,52;
4,80;15,38;-10,58;
14,20;13,22;0,98;
6,40;11,72;-5,32;
9,00;12,57;-3,57;
17,50;13,68;3,82;
6,20;12,71;-6,51;
8,00;16,81;-8,81;
19,20;16,28;2,92;
11,40;12,83;-1,43;
9,80;10,38;-0,58;
13,00;11,02;1,98;
13,20;14,13;-0,93;
9,10;15,48;-6,38;
10,80;17,25;-6,45;
10,00;9,74;0,26;
5,70;19,94;-14,24;
19,40;14,82;4,58;
16,10;14,50;1,60;
13,80;13,61;0,19;
14,30;18,17;-3,87;
10,40;10,99;-0,59;
13,40;10,27;3,13;
12,90;15,35;-2,45;
10,20;9,82;0,38;
11,00;14,70;-3,70;
9,70;10,65;-0,95;
8,90;16,38;-7,48;
17,70;16,66;1,04;
11,10;18,09;-6,99;
12,50;15,31;-2,81;
16,60;15,81;0,79;
20,10;17,33;2,77;
20,20;18,94;1,26;
4,60;11,74;-7,14;
10,60;11,74;-1,14;
17,80;19,00;-1,20;
5,90;7,80;-1,90;
10,70;12,59;-1,89;
11,10;13,70;-2,60;
8,00;11,35;-3,35;
9,20;10,59;-1,39;
14,00;17,70;-3,70;
11,30;8,97;2,33;
6,00;8,23;-2,23;
6,10;11,34;-5,24;
8,10;13,13;-5,03;
18,30;16,42;1,88;
4,80;9,09;-4,29;
5,50;13,30;-7,80;
11,30;14,80;-3,50;
4,60;13,01;-8,41;
17,20;20,59;-3,39;
10,70;10,65;0,05;
10,00;12,63;-2,63;
3,50;11,81;-8,31;
13,00;11,24;1,76;
7,20;10,96;-3,76;
10,10;13,67;-3,57;
4,80;16,52;-11,72;
19,50;20,81;-1,31;
28,10;23,25;4,85;
16,80;18,56;-1,76;
12,20;10,92;1,28;
5,30;10,08;-4,78;
8,30;15,08;-6,78;
8,80;12,55;-3,75;
5,90;11,42;-5,52;
11,40;11,75;-0,35;
11,70;12,45;-0,75;
9,80;18,80;-9,00;
2,40;12,59;-10,19;
2,30;11,41;-9,11;
5,50;14,96;-9,46;
18,30;19,09;-0,79;
5,10;13,45;-8,35;
4,10;10,62;-6,52;
6,20;18,13;-11,93;
3,60;9,52;-5,92;
4,80;13,68;-8,88;
8,10;12,77;-4,67;
5,80;12,33;-6,53;
2,80;15,17;-12,37;
3,60;9,35;-5,75;
3,60;13,56;-9,96;
3,10;10,09;-6,99;
13,80;16,77;-2,97;
6,50;10,76;-4,26;
3,70;6,16;-2,46;
3,40;13,42;-10,02;
3,90;9,73;-5,83;
3,20;9,59;-6,39;
7,30;7,51;-0,21;
8,50;8,13;0,37;
5,80;15,08;-9,28;
2,00;13,23;-11,23;
7,20;18,33;-11,13;
8,60;12,66;-4,06;
4,90;16,38;-11,47;
9,30;10,66;-1,36;
5,60;11,60;-6,00;
3,50;12,48;-8,98;
6,40;9,52;-3,12;
6,20;7,12;-0,92;
9,90;11,41;-1,51;
10,80;7,08;3,72;
22,00;17,11;4,89;
15,70;13,04;2,66;
14,80;8,16;6,64;
17,60;19,83;-2,23;
7,20;14,69;-7,49;
11,70;16,14;-4,44;
20,90;17,36;3,54;
30,40;18,58;11,82;
12,00;18,73;-6,73;
14,70;14,98;-0,28;
8,80;12,76;-3,96;
15,10;11,56;3,54;
21,80;18,30;3,50;
14,30;16,55;-2,25;
15,30;15,31;-0,01;
15,10;9,88;5,22;
18,80;16,91;1,89;
8,10;10,89;-2,79;
17,30;13,99;3,31;
8,50;12,19;-3,69;
11,40;10,06;1,34;
7,50;13,91;-6,41;
6,30;7,36;-1,06;
19,00;13,58;5,42;
11,80;16,36;-4,56;
29,40;19,48;9,92;
22,20;16,91;5,29;
20,60;19,25;1,35;
14,20;10,34;3,86;
33,80;24,61;9,19;
42,20;13,42;28,78;
27,10;17,20;9,90;
24,20;11,09;13,11;
31,00;11,93;19,07;
18,60;8,59;10,01;
18,30;10,97;7,33;
11,70;10,73;0,97;
12,70;8,29;4,41;
17,70;8,28;9,42;
21,60;14,77;6,83;
13,20;14,39;-1,19;
12,90;9,45;3,45;
16,70;17,69;-0,99;
17,70;18,78;-1,08;
31,00;14,91;16,09;
30,00;18,55;11,45;
12,60;13,91;-1,31;
13,40;16,17;-2,77;
11,80;13,91;-2,11;
14,30;9,74;4,56;
32,70;19,09;13,61;
15,70;17,19;-1,49;
16,10;12,95;3,15;
14,50;15,09;-0,59;
26,10;22,28;3,82;
13,40;16,50;-3,10;
10,60;12,28;-1,68;
16,00;16,66;-0,66;
11,20;10,62;0,58;
18,90;11,14;7,76;
13,70;12,80;0,90;
20,00;17,53;2,47;
3,90;8,48;-4,58;
21,30;11,81;9,49;
14,80;19,67;-4,87;
10,50;13,22;-2,72;
16,30;15,01;1,29;
12,10;15,43;-3,33;
10,90;9,54;1,36;
10,70;9,80;0,90;
14,70;9,35;5,35;
13,50;7,75;5,75;
12,00;7,90;4,10;
36,00;16,97;19,03;
15,80;11,91;3,89;
16,90;12,16;4,74;
14,40;10,23;4,17;
7,90;7,43;0,47;
15,10;14,89;0,21;
12,40;10,43;1,97;
8,60;6,39;2,21;
8,80;6,67;2,13;
14,00;9,59;4,41;
11,00;7,85;3,15;
8,70;9,96;-1,26;
17,10;15,20;1,90;
14,30;10,48;3,82;
15,50;13,09;2,41;
11,90;13,94;-2,04;
45,90;15,19;30,71;
13,30;9,29;4,01;
16,50;11,43;5,07;
9,20;13,40;-4,20;
17,30;10,04;7,26;
9,60;13,27;-3,67;
8,40;11,05;-2,65;
7,70;15,91;-8,21;
14,20;20,42;-6,22;
16,20;11,69;4,51;
15,30;16,66;-1,36;
13,10;21,59;-8,49;
17,60;17,56;0,04;
11,60;20,48;-8,88;
24,50;20,44;4,06;
10,30;10,05;0,25;
19,70;21,09;-1,39;
13,40;13,45;-0,05;
14,10;13,33;0,77;
10,30;12,60;-2,30;
13,80;15,24;-1,44;
16,80;15,95;0,85;
13,60;15,45;-1,85;
19,00;19,69;-0,69;
21,20;13,73;7,47;
17,90;10,87;7,03;
11,10;9,61;1,49;
18,10;19,36;-1,26;
0,00;14,11;-14,11;
25,20;19,94;5,26;
14,50;8,54;5,96;
16,80;18,67;-1,87;
27,70;19,58;8,12;
8,50;11,19;-2,69;
12,90;16,61;-3,71;
21,70;16,52;5,18;
10,90;11,66;-0,76;
7,20;9,02;-1,82;
15,00;11,43;3,57;
19,10;17,09;2,01;
18,40;13,15;5,25;
12,80;14,46;-1,66;
15,70;15,10;0,60;
8,20;10,21;-2,01;
8,10;7,62;0,48;
4,30;8,77;-4,47;
10,80;14,80;-4,00;
15,60;16,05;-0,45;
14,10;12,64;1,46;
9,70;12,88;-3,18;
16,80;15,10;1,70;
12,20;10,59;1,61;
9,70;11,97;-2,27;
14,70;12,71;1,99;
11,10;10,74;0,36;
15,20;13,77;1,43;
17,10;15,52;1,58;
16,40;10,70;5,70;
22,10;20,38;1,73;
30,00;25,20;4,80;
12,90;11,15;1,75;
10,50;12,21;-1,71;
12,80;14,58;-1,78;
14,00;17,08;-3,08;
19,70;12,76;6,94;
12,60;10,94;1,66;
11,80;9,39;2,41;
19,90;12,30;7,60;
8,90;13,87;-4,97;
15,20;14,04;1,16;
14,20;11,38;2,82;
17,10;15,50;1,60;
12,40;9,65;2,75;
13,30;9,67;3,63;
11,80;10,70;1,10;
10,20;15,13;-4,93;
7,50;9,09;-1,59;
12,10;12,32;-0,22;
10,00;13,35;-3,35;
9,10;9,56;-0,46;
18,00;17,44;0,56;
15,50;15,17;0,33;
17,00;14,13;2,87;
12,30;7,92;4,38;
10,70;10,41;0,29;
28,80;19,06;9,74;
12,30;12,62;-0,32;
4,40;6,93;-2,53;
9,20;9,14;0,06;
14,30;7,98;6,32;
6,80;9,96;-3,16;
16,10;16,00;0,10;
10,70;13,11;-2,41;
10,90;9,88;1,02;
10,70;9,79;0,91;
16,20;9,58;6,62;
18,60;14,51;4,09;
13,70;8,89;4,81;
11,80;10,45;1,35;
8,90;10,56;-1,66;
11,40;13,67;-2,27;
13,00;12,96;0,04;
9,50;11,80;-2,30;
14,40;12,43;1,97;
8,20;6,29;1,91;
12,20;13,63;-1,43;
13,70;18,64;-4,94;
11,50;11,28;0,22;
12,90;9,55;3,35;
13,70;11,99;1,71;
30,10;20,72;9,38;
17,30;20,91;-3,61;
9,80;11,28;-1,48;
32,60;22,83;9,77;
7,60;6,92;0,68;
10,10;9,34;0,76;
6,50;6,71;-0,21;
6,10;8,92;-2,82;
6,10;7,75;-1,65;
6,40;8,98;-2,58;
12,10;9,54;2,56;
8,60;8,26;0,34;
8,80;7,38;1,42;
11,70;9,23;2,47;
10,20;7,93;2,27;
22,30;12,30;10,00;
10,30;11,46;-1,16;
9,70;10,65;-0,95;
7,30;9,55;-2,25;
20,60;18,77;1,83;
8,80;11,84;-3,04;
6,80;6,26;0,54;
7,00;7,30;-0,30;
6,70;9,58;-2,88;
29,80;23,02;6,78;
13,40;13,54;-0,14;
21,10;14,09;7,01;
46,20;24,66;21,54;
14,30;17,97;-3,67;
6,10;12,83;-6,73;
22,00;13,56;8,44;
7,30;13,87;-6,57;
18,20;16,47;1,73;
17,80;15,88;1,92;
6,00;9,66;-3,66;
9,00;9,05;-0,05;
15,30;9,24;6,06;
18,00;12,92;5,08;
2,10;15,58;-13,48;
27,20;16,66;10,54;
26,80;12,85;13,95;
14,80;12,83;1,97;
10,90;11,38;-0,48;
26,30;22,70;3,60;
8,10;7,98;0,12;
18,40;10,16;8,24;
12,80;10,73;2,07;
23,20;19,55;3,65;
19,60;15,68;3,92;
17,10;12,94;4,16;
14,80;15,09;-0,29;
16,00;20,98;-4,98;
25,20;23,16;2,04;
11,90;13,45;-1,55;
4,70;6,75;-2,05;
17,80;14,96;2,84;
11,60;14,16;-2,56;
12,20;13,43;-1,23;
8,00;9,99;-1,99;
6,70;11,24;-4,54;
16,00;10,63;5,38;
9,10;12,85;-3,75;
17,60;12,46;5,14;
32,30;26,95;5,35;
16,20;12,78;3,42;
8,60;14,06;-5,46;
11,30;8,25;3,05;
7,30;8,75;-1,45;
26,00;15,61;10,39;
5,70;9,52;-3,82;
6,70;9,91;-3,21;
17,80;12,30;5,50;
14,90;11,73;3,17;
15,50;13,77;1,73;
13,70;11,89;1,81;
9,70;10,88;-1,18;
14,40;11,95;2,45;
16,50;12,12;4,38;
6,50;15,31;-8,81;
16,20;18,81;-2,61;
13,10;13,54;-0,44;
19,10;18,52;0,58;
9,90;15,86;-5,96;
13,70;14,51;-0,81;
15,30;22,84;-7,54;
14,80;14,26;0,54;
9,50;11,80;-2,30;
10,70;15,21;-4,51;
15,40;16,52;-1,12;
20,70;19,08;1,62;
19,80;19,05;0,75;
18,40;16,92;1,48;
17,70;16,27;1,43;
9,40;17,52;-8,12;
22,70;17,84;4,86;
9,80;11,60;-1,80;
21,90;18,08;3,82;
19,20;17,09;2,11;
13,20;15,58;-2,38;
12,00;14,46;-2,46;
9,00;12,88;-3,88;
10,20;10,99;-0,79;
22,00;19,48;2,52;
10,50;8,47;2,03;
7,20;8,14;-0,94;
7,20;11,23;-4,03;
11,30;19,31;-8,01;
8,40;11,13;-2,73;
7,20;6,29;0,91;
17,10;15,54;1,56;
21,60;16,56;5,04;
21,20;16,13;5,08;
15,80;12,64;3,16;
15,50;16,55;-1,05;
17,20;19,63;-2,42;
22,40;18,41;3,99;
19,40;21,23;-1,83;
23,60;13,91;9,69;
14,70;12,85;1,85;
26,00;16,63;9,38;
33,10;13,33;19,77;
32,10;22,53;9,57;
21,40;12,94;8,46;
42,90;27,45;15,45;
16,70;17,53;-0,83;
12,70;16,77;-4,07;
14,40;17,44;-3,04;
12,20;9,72;2,48;
24,50;15,08;9,42;
23,30;15,97;7,33;
17,60;15,73;1,87;
31,20;20,03;11,17;
12,50;9,18;3,32;
21,50;22,22;-0,72;
13,50;16,05;-2,55;
16,60;14,23;2,37;
10,00;13,02;-3,02;
18,00;14,63;3,38;
10,30;11,72;-1,42;
14,50;13,73;0,77;
19,50;14,63;4,88;
14,60;10,19;4,41;
10,80;18,64;-7,84;
20,90;20,05;0,85;
15,90;11,45;4,45;
11,00;12,74;-1,74;
16,60;21,30;-4,70;
25,50;18,22;7,28;
40,10;25,64;14,46;
21,50;16,61;4,89;
11,80;14,89;-3,09;
22,90;15,91;6,99;
24,60;15,28;9,32;
32,00;22,81;9,19;
11,60;10,99;0,61;
10,90;16,63;-5,73;
16,50;15,91;0,59;
27,00;15,91;11,09;
21,90;12,62;9,28;
23,60;19,69;3,91;
15,60;10,69;4,91;
18,90;11,16;7,74;
14,40;10,95;3,45;
16,10;20,05;-3,95;
10,20;11,94;-1,74;
15,40;13,65;1,75;
21,70;14,04;7,66;
16,90;17,39;-0,49;
20,00;14,64;5,36;
15,70;13,84;1,86;
12,80;11,82;0,98;
19,60;17,53;2,07;
10,70;8,19;2,51;
6,10;15,15;-9,05;
11,40;11,19;0,21;
11,90;13,30;-1,40;
10,10;10,13;-0,03;
20,90;10,77;10,13;
10,10;13,42;-3,32;
10,50;10,77;-0,27;
20,00;18,31;1,69;
11,80;12,83;-1,03;
11,30;10,94;0,36;
4,90;9,68;-4,78;
14,40;13,67;0,73;
46,90;20,66;26,24;
12,90;18,78;-5,88;
17,30;12,55;4,75;
15,20;6,66;8,54;
16,50;14,51;1,99;
22,60;20,42;2,18;
14,40;16,50;-2,10;
15,00;10,00;5,00;
18,90;12,09;6,81;
12,80;13,68;-0,88;
11,90;13,26;-1,36;
19,60;18,28;1,32;
33,40;23,20;10,20;
22,00;18,08;3,92;
22,80;17,80;5,00;
32,20;22,38;9,83;
27,20;18,56;8,64;
27,00;17,48;9,52;
29,20;18,08;11,12;
24,00;19,20;4,80;
23,20;19,13;4,08;
21,60;19,45;2,15;
7,70;9,70;-2,00;
28,70;20,81;7,89;
22,20;16,86;5,34;
28,10;20,05;8,05;
21,50;17,28;4,22;
27,10;18,03;9,07;
21,60;18,89;2,71;
11,00;10,40;0,60;
19,90;17,97;1,93;
23,60;16,31;7,29;
13,60;14,77;-1,17;
24,30;17,05;7,25;
26,30;21,28;5,02;
14,20;14,60;-0,40;
16,50;15,70;0,80;
21,10;15,43;5,67;
24,00;14,41;9,59;
17,70;14,87;2,83;
13,30;12,48;0,82;
18,00;13,49;4,51;
26,50;20,56;5,94;
16,10;18,47;-2,37;
16,50;18,75;-2,25;
10,10;11,82;-1,72;
13,80;13,91;-0,11;
8,40;9,23;-0,83;
12,20;17,94;-5,74;
14,70;14,74;-0,04;
9,60;12,05;-2,45;
12,80;12,83;-0,03;
10,70;12,12;-1,42;
14,50;13,49;1,01;
13,10;14,00;-0,90;
11,60;9,82;1,78;
10,90;12,25;-1,35;
25,70;25,52;0,18;
10,30;16,20;-5,90;
10,30;11,04;-0,74;
14,70;14,84;-0,14;
10,60;10,71;-0,11;
19,50;15,09;4,41;
12,40;13,87;-1,47;
11,10;9,74;1,36;
14,60;11,91;2,69;
9,90;11,13;-1,23;
12,80;15,97;-3,17;
12,60;13,28;-0,68;
12,60;14,51;-1,91;
10,30;10,24;0,06;
13,40;9,40;4,00;
9,30;10,41;-1,11;
14,00;14,78;-0,78;
15,30;15,43;-0,13;
9,10;11,56;-2,46;
14,50;14,72;-0,22;
14,00;15,45;-1,45;
10,40;12,38;-1,98;
14,20;13,27;0,93;
10,20;14,27;-4,07;
16,90;15,38;1,52;
13,80;14,98;-1,18;
19,50;20,22;-0,72;
15,10;15,55;-0,45;
17,50;20,52;-3,02;
10,80;13,09;-2,29;
14,50;16,42;-1,92;
16,40;18,25;-1,85;
12,80;15,93;-3,13;
13,20;14,18;-0,98;
12,00;12,99;-0,99;
10,90;13,52;-2,62;
14,80;13,19;1,61;
19,70;14,39;5,31;
21,70;18,91;2,79;
20,30;16,45;3,85;
8,80;13,52;-4,72;
13,40;11,16;2,24;
11,60;11,20;0,40;
13,20;9,48;3,72;
24,10;17,69;6,41;
9,80;15,34;-5,54;
26,80;13,66;13,14;
12,50;9,74;2,76;
20,70;16,33;4,37;
25,70;20,17;5,53;
20,00;23,61;-3,61;
12,60;18,70;-6,10;
13,90;17,91;-4,01;
15,80;21,69;-5,89;
10,80;15,65;-4,85;
19,30;17,89;1,41;
11,80;15,65;-3,85;
11,40;12,90;-1,50;
25,00;18,11;6,89;
17,40;16,92;0,48;
23,20;17,83;5,37;
16,30;16,80;-0,50;
14,20;19,30;-5,10;
12,10;12,38;-0,28;
31,10;24,78;6,32;
11,00;9,48;1,52;
12,80;15,40;-2,60;
11,60;10,71;0,89;
15,70;14,09;1,61;
14,30;10,64;3,66;
10,00;11,18;-1,18;
11,30;11,23;0,07;
15,00;9,24;5,76;
13,60;15,50;-1,90;
8,40;10,21;-1,81;
18,80;14,34;4,46;
47,30;25,05;22,25;
11,80;11,05;0,75;
17,70;16,73;0,97;
43,60;23,05;20,55;
21,30;17,48;3,82;
42,40;24,00;18,40;
16,60;13,99;2,61;
12,90;11,38;1,52;
16,60;23,69;-7,09;
11,80;11,52;0,28;
14,90;20,77;-5,87;
18,30;14,63;3,67;
10,30;13,16;-2,86;
14,80;9,23;5,57;
10,50;10,12;0,38;
12,80;14,37;-1,57;
25,40;20,36;5,04;
12,30;15,17;-2,87;
11,50;16,86;-5,36;
18,60;7,93;10,67;
25,10;23,02;2,08;
21,10;13,19;7,91;
14,20;10,74;3,46;
25,50;14,37;11,13;
18,90;15,88;3,02;
14,30;12,33;1,97;
11,20;14,16;-2,96;
24,40;19,09;5,31;
30,00;15,29;14,71;
30,30;19,66;10,64;
30,10;19,16;10,94;
26,70;20,95;5,75;
19,20;14,74;4,46;
13,30;15,63;-2,32;
30,20;20,56;9,64;
21,60;17,34;4,26;
22,20;23,30;-1,10;
21,70;16,78;4,92;
15,30;11,67;3,63;
11,20;17,83;-6,63;
16,10;11,24;4,86;
32,00;21,73;10,27;
26,40;19,66;6,74;
18,00;16,41;1,59;
18,90;11,39;7,51;
19,10;16,22;2,88;
15,40;18,27;-2,87;
9,30;11,27;-1,97;
20,30;17,30;3,00;
9,30;13,52;-4,22;
12,60;15,20;-2,60;
31,30;27,59;3,71;
19,30;13,84;5,46;
12,90;17,53;-4,63;
12,70;12,99;-0,29;
5,60;8,07;-2,47;
14,00;13,93;0,07;
18,30;11,52;6,78;
17,10;20,27;-3,17;
28,80;23,30;5,50;
45,40;20,05;25,35;
25,40;27,59;-2,19;
13,80;14,18;-0,38;
20,00;17,38;2,63;
23,40;19,83;3,57;
23,60;27,73;-4,13;
22,60;21,38;1,23;
32,00;19,17;12,83;
16,40;18,08;-1,68;
21,90;12,05;9,85;
22,70;18,72;3,98;
17,20;16,05;1,15;
21,70;14,55;7,15;
22,60;18,86;3,74;
14,80;16,88;-2,07;
17,10;16,77;0,33;
17,20;11,97;5,23;
21,10;14,27;6,83;
12,10;10,48;1,62;
19,50;18,17;1,33;
15,50;12,78;2,72;
20,00;11,60;8,40;
19,30;21,28;-1,98;
28,80;22,08;6,72;
17,80;19,81;-2,01;
23,70;16,77;6,93;
25,70;19,69;6,01;
24,40;17,89;6,51;
19,90;17,00;2,90;
18,50;17,97;0,53;
18,00;18,78;-0,78;
29,70;13,16;16,54;
14,80;11,38;3,43;
21,10;19,39;1,71;
16,70;21,81;-5,11;
13,60;15,17;-1,57;
14,90;13,21;1,69;
17,40;12,19;5,21;
12,90;15,27;-2,37;
17,40;15,48;1,92;
20,80;14,39;6,41;
21,20;16,55;4,65;
23,60;17,59;6,01;
18,80;17,80;1,00;
15,00;15,91;-0,91;
16,10;13,06;3,04;
28,30;15,45;12,85;
18,60;13,05;5,55;
16,30;16,64;-0,34;
14,60;14,27;0,33;
11,90;11,32;0,58;
18,00;14,89;3,11;
23,60;23,00;0,60;
21,80;14,82;6,98;
18,00;12,50;5,50;
20,10;18,38;1,73;
28,00;20,45;7,55;
6,90;10,70;-3,80;
20,70;16,28;4,42;
20,40;19,30;1,10;
12,70;11,28;1,42;
10,00;13,56;-3,56;
8,00;10,77;-2,77;
10,10;15,13;-5,03;
12,60;14,39;-1,79;
20,60;17,89;2,71;
14,30;10,73;3,57;
20,10;13,11;6,99;
13,30;9,81;3,49;
12,90;12,07;0,83;
19,30;16,28;3,02;
15,60;12,46;3,14;
13,60;10,88;2,73;
17,90;15,99;1,91;
12,10;16,09;-3,99;
8,10;10,71;-2,61;
9,60;13,91;-4,31;
7,00;10,64;-3,64;
10,30;9,75;0,55;
17,70;11,22;6,48;
16,20;13,97;2,23;
7,80;9,69;-1,89;
13,00;9,29;3,71;
8,90;9,46;-0,56;
12,10;9,31;2,79;
15,10;12,48;2,62;
11,30;11,38;-0,07;
21,40;20,11;1,29;
12,40;10,58;1,82;
12,60;12,37;0,23;
11,20;11,50;-0,30;
13,10;8,35;4,75;
6,80;7,61;-0,81;
10,70;11,88;-1,18;
16,70;14,09;2,61;
12,90;13,73;-0,83;
10,40;12,28;-1,88;
12,50;14,34;-1,84;
10,30;12,28;-1,98;
11,00;13,61;-2,61;
14,20;18,08;-3,88;
7,70;12,50;-4,80;
16,90;19,59;-2,69;
10,00;12,25;-2,25;
6,60;10,41;-3,81;
19,30;21,75;-2,45;
37,20;29,00;8,20;
23,00;23,34;-0,34;
27,60;20,17;7,43;
20,10;12,30;7,80;
16,30;16,28;0,02;
19,70;16,45;3,25;
17,60;22,81;-5,21;
16,20;14,55;1,65;
20,10;12,16;7,94;
18,90;11,91;6,99;
12,50;12,76;-0,26;
12,30;11,59;0,71;
21,20;12,04;9,16;
23,00;16,06;6,94;
27,40;16,36;11,04;
17,60;10,41;7,19;
18,10;9,23;8,87;
7,10;8,91;-1,81;
25,50;14,32;11,18;
36,10;20,97;15,13;
13,70;12,57;1,13;
20,70;20,41;0,29;
25,00;20,78;4,22;
15,70;17,00;-1,30;
20,30;18,50;1,80;
24,70;18,72;5,98;
10,00;13,77;-3,77;
36,80;25,80;11,00;
20,20;17,55;2,65;
11,80;8,73;3,07;
19,00;8,55;10,45;
9,60;6,71;2,89;
19,60;11,20;8,40;
17,70;8,07;9,63;
12,10;11,29;0,81;
25,60;12,88;12,73;
19,20;26,89;-7,69;
20,90;16,05;4,85;
15,60;13,33;2,27;
12,30;12,28;0,02;
22,50;14,41;8,09;
13,40;8,82;4,58;
9,40;9,04;0,36;
9,80;8,94;0,86;
11,80;5,32;6,48;
15,90;13,80;2,10;
13,40;10,52;2,88;
12,30;8,80;3,50;
9,20;12,71;-3,51;
14,80;14,58;0,22;
16,50;12,14;4,36;
10,10;11,88;-1,77;
15,50;11,13;4,38;
13,20;10,67;2,53;
14,90;11,38;3,52;
17,80;15,81;1,99;
9,40;9,48;-0,08;
13,10;15,35;-2,25;
10,90;14,95;-4,05;
8,40;10,26;-1,86;
11,90;13,06;-1,16;
13,70;9,19;4,51;
11,10;11,40;-0,30;
9,20;9,98;-0,78;
10,90;12,60;-1,70;
22,70;25,33;-2,63;
11,90;10,33;1,57;
15,00;14,02;0,98;
8,60;11,14;-2,54;
11,80;10,26;1,54;
11,20;15,66;-4,46;
14,40;13,16;1,24;
12,20;11,73;0,47;
31,30;26,80;4,50;
18,90;18,88;0,02;
14,50;13,80;0,70;
16,00;16,09;-0,09;
18,00;14,82;3,18;
10,00;11,33;-1,33;
21,70;19,31;2,39;
27,20;22,94;4,26;
13,80;14,04;-0,24;
25,40;13,38;12,02;
22,80;11,48;11,32;
8,40;10,34;-1,94;
9,80;9,98;-0,18;
18,20;11,08;7,12;
12,30;14,25;-1,95;
11,60;10,96;0,64;
6,50;10,55;-4,05;
10,70;10,95;-0,25;
16,10;13,21;2,89;
16,10;11,29;4,81;
15,10;11,84;3,26;
13,10;12,34;0,76;
10,50;10,09;0,41;
27,20;17,30;9,90;
12,40;15,10;-2,70;
9,70;12,80;-3,10;
20,30;15,81;4,49;
12,80;10,88;1,93;
11,90;10,44;1,46;
13,00;8,80;4,20;
11,30;8,38;2,92;
10,70;9,49;1,21;
9,70;8,80;0,90;
11,10;8,92;2,18;
18,90;13,04;5,86;
12,70;12,09;0,61;
11,00;13,20;-2,20;
18,70;16,75;1,95;
18,50;15,38;3,12;
16,40;15,36;1,04;
13,70;16,83;-3,13;
13,80;16,13;-2,32;
7,80;10,02;-2,22;
14,70;17,39;-2,69;
11,10;11,43;-0,33;
18,80;15,33;3,47;
38,60;27,05;11,55;
16,30;15,65;0,65;
10,20;10,67;-0,47;
37,00;25,14;11,86;
11,80;14,46;-2,66;
10,70;9,67;1,03;
9,40;11,79;-2,39;
16,70;15,65;1,05;
10,70;9,34;1,36;
6,60;11,26;-4,66;
13,60;10,64;2,96;
10,50;10,71;-0,21;
18,10;14,74;3,36;
14,70;10,95;3,75;
13,50;8,95;4,55;
16,20;19,31;-3,11;
15,90;11,61;4,29;
15,70;14,57;1,13;
10,10;10,92;-0,82;
11,30;11,95;-0,65;
16,90;21,03;-4,13;
9,10;10,45;-1,35;
5,90;11,08;-5,18;
