3,58E+01;2,28E+01;12,97;14,77475626
5,07E+01;2,62E+01;24,47;
2,45E+01;2,03E+01;4,22;
3,59E+01;2,30E+01;12,95;
2,80E+01;2,35E+01;4,55;
2,47E+01;2,47E+01;0,03;
1,90E+01;2,17E+01;-2,73;
2,38E+01;2,75E+01;-3,65;
1,27E+01;2,05E+01;-7,78;
5,06E+01;2,58E+01;24,76;
2,01E+01;2,10E+01;-0,88;
4,00E+01;2,73E+01;12,66;
3,15E+01;2,31E+01;8,38;
6,75E+01;5,11E+01;16,44;
2,10E+01;2,11E+01;-0,14;
3,27E+01;2,93E+01;3,43;
3,98E+01;2,72E+01;12,64;
2,11E+01;2,16E+01;-0,54;
2,09E+01;2,84E+01;-7,54;
4,21E+01;2,86E+01;13,46;
3,16E+01;2,90E+01;2,65;
2,50E+01;2,20E+01;2,98;
1,54E+01;2,00E+01;-4,63;
2,08E+01;2,04E+01;0,38;
2,17E+01;2,23E+01;-0,58;
3,47E+01;2,17E+01;13,03;
2,18E+01;2,88E+01;-6,95;
2,74E+01;2,42E+01;3,24;
3,35E+01;2,90E+01;4,53;
3,62E+01;3,60E+01;0,20;
3,32E+01;4,18E+01;-8,64;
7,90E+00;2,24E+01;-14,51;
7,20E+00;2,70E+01;-19,83;
9,60E+00;2,19E+01;-12,26;
2,43E+01;2,38E+01;0,47;
2,27E+01;2,17E+01;0,98;
3,03E+01;2,42E+01;6,14;
6,90E+00;1,98E+01;-12,94;
2,64E+01;2,25E+01;3,88;
3,71E+01;2,32E+01;13,93;
5,41E+01;2,08E+01;33,29;
1,21E+01;2,03E+01;-8,21;
3,68E+01;2,05E+01;16,35;
2,18E+01;2,17E+01;0,08;
6,04E+01;3,94E+01;21,03;
3,02E+01;2,29E+01;7,31;
1,94E+01;2,08E+01;-1,43;
1,91E+01;2,08E+01;-1,67;
2,33E+01;2,09E+01;2,39;
1,23E+01;2,02E+01;-7,87;
3,70E+00;2,05E+01;-16,78;
3,20E+00;2,11E+01;-17,89;
1,89E+01;3,14E+01;-12,51;
2,82E+01;2,98E+01;-1,55;
8,00E+00;2,05E+01;-12,55;
1,47E+01;2,04E+01;-5,66;
3,40E+01;2,51E+01;8,91;
1,76E+01;2,70E+01;-9,37;
1,44E+01;3,91E+01;-24,69;
2,19E+01;2,14E+01;0,54;
1,38E+01;2,04E+01;-6,59;
4,43E+01;2,68E+01;17,50;
1,40E+01;2,16E+01;-7,59;
2,04E+01;2,15E+01;-1,10;
3,69E+01;3,24E+01;4,49;
6,70E+00;2,45E+01;-17,82;
4,47E+01;3,53E+01;9,39;
1,98E+01;2,13E+01;-1,48;
1,21E+01;2,04E+01;-8,26;
5,60E+00;2,64E+01;-20,78;
6,26E+01;2,84E+01;34,22;
1,70E+01;2,33E+01;-6,30;
2,89E+01;2,10E+01;7,87;
7,90E+01;4,37E+01;35,31;
1,66E+01;2,04E+01;-3,79;
4,32E+01;2,26E+01;20,58;
2,18E+01;2,61E+01;-4,29;
2,42E+01;2,26E+01;1,61;
1,75E+01;2,11E+01;-3,56;
2,41E+01;2,25E+01;1,62;
4,19E+01;4,38E+01;-1,91;
3,41E+01;2,95E+01;4,58;
9,30E+00;1,68E+01;-7,48;
2,71E+01;2,86E+01;-1,51;
8,70E+00;1,80E+01;-9,25;
3,04E+01;4,51E+01;-14,69;
1,43E+01;2,32E+01;-8,93;
2,26E+01;2,34E+01;-0,76;
1,74E+01;3,15E+01;-14,15;
1,26E+01;2,11E+01;-8,54;
3,69E+01;3,14E+01;5,49;
8,70E+00;2,26E+01;-13,89;
1,09E+01;2,43E+01;-13,44;
2,32E+01;2,18E+01;1,39;
1,38E+01;2,43E+01;-10,47;
3,95E+01;5,31E+01;-13,59;
1,62E+01;2,30E+01;-6,85;
1,57E+01;2,75E+01;-11,80;
1,80E+01;1,86E+01;-0,64;
8,42E+01;6,03E+01;23,92;
3,73E+01;4,17E+01;-4,36;
4,31E+01;4,61E+01;-2,96;
1,48E+01;2,62E+01;-11,36;
4,93E+01;5,93E+01;-9,95;
1,47E+01;2,29E+01;-8,21;
1,00E+01;2,13E+01;-11,33;
1,08E+01;1,60E+01;-5,23;
3,80E+01;4,31E+01;-5,06;
3,03E+01;2,39E+01;6,36;
2,26E+01;2,20E+01;0,58;
2,24E+01;2,18E+01;0,60;
1,32E+01;3,01E+01;-16,91;
5,45E+01;5,87E+01;-4,19;
2,58E+01;3,61E+01;-10,26;
4,39E+01;4,05E+01;3,37;
3,00E+01;2,50E+01;5,05;
3,19E+01;2,46E+01;7,32;
1,31E+01;2,30E+01;-9,95;
1,45E+01;2,99E+01;-15,38;
1,67E+01;2,04E+01;-3,71;
2,91E+01;3,95E+01;-10,37;
1,92E+01;2,75E+01;-8,25;
2,89E+01;3,04E+01;-1,46;
3,11E+01;3,65E+01;-5,37;
1,21E+01;3,09E+01;-18,82;
8,30E+00;2,18E+01;-13,48;
5,13E+01;4,69E+01;4,36;
1,67E+01;1,88E+01;-2,11;
1,10E+01;3,57E+01;-24,66;
2,90E+01;2,71E+01;1,92;
4,10E+00;2,21E+01;-18,03;
9,60E+00;2,05E+01;-10,95;
8,82E+01;8,95E+01;-1,30;
1,25E+01;2,29E+01;-10,39;
1,52E+01;3,18E+01;-16,61;
2,64E+01;2,73E+01;-0,90;
1,85E+01;2,38E+01;-5,25;
3,83E+01;5,49E+01;-16,64;
1,75E+01;2,58E+01;-8,30;
1,63E+01;2,09E+01;-4,62;
1,35E+01;2,37E+01;-10,19;
2,40E+01;2,26E+01;1,38;
2,19E+01;3,25E+01;-10,63;
3,16E+01;3,48E+01;-3,15;
2,46E+01;2,10E+01;3,55;
1,81E+01;2,75E+01;-9,35;
3,26E+01;3,21E+01;0,51;
1,77E+01;2,15E+01;-3,80;
1,16E+01;2,24E+01;-10,79;
4,03E+01;3,77E+01;2,61;
1,57E+02;7,93E+01;77,59;
2,99E+01;7,61E+00;22,29;
3,84E+01;2,97E+01;8,70;
2,55E+01;2,12E+01;4,30;
2,18E+01;2,58E+01;-4,04;
1,20E+01;3,00E+01;-17,95;
1,12E+01;2,26E+01;-11,41;
7,10E+00;2,28E+01;-15,70;
2,00E+01;2,34E+01;-3,38;
1,23E+01;2,03E+01;-7,97;
1,45E+01;2,30E+01;-8,50;
1,20E+01;2,03E+01;-8,27;
8,50E+00;2,80E+01;-19,53;
1,98E+01;2,13E+01;-1,51;
2,58E+01;2,42E+01;1,61;
8,20E+00;2,12E+01;-12,96;
3,35E+01;2,59E+01;7,61;
2,78E+01;3,95E+01;-11,67;
1,33E+01;2,42E+01;-10,93;
8,60E+00;2,37E+01;-15,12;
1,18E+01;2,57E+01;-13,92;
8,60E+00;2,44E+01;-15,81;
1,19E+01;2,64E+01;-14,48;
5,90E+00;2,00E+01;-14,12;
1,37E+01;2,08E+01;-7,05;
1,55E+01;2,08E+01;-5,27;
1,53E+01;2,13E+01;-5,97;
1,29E+01;2,10E+01;-8,12;
8,40E+00;2,15E+01;-13,08;
8,50E+00;2,11E+01;-12,63;
3,90E+00;2,12E+01;-17,33;
5,20E+00;2,24E+01;-17,18;
1,79E+01;2,31E+01;-5,24;
1,51E+01;2,51E+01;-9,99;
1,30E+01;2,03E+01;-7,25;
1,38E+01;3,34E+01;-19,61;
8,80E+00;2,39E+01;-15,11;
2,09E+01;2,22E+01;-1,27;
1,40E+01;3,04E+01;-16,36;
1,93E+01;4,28E+01;-23,48;
1,73E+01;2,97E+01;-12,37;
1,73E+01;1,94E+01;-2,12;
3,08E+01;3,24E+01;-1,64;
2,45E+01;2,90E+01;-4,50;
6,10E+00;2,13E+01;-15,21;
6,40E+00;4,34E+00;2,06;
2,89E+01;2,06E+01;8,32;
2,63E+01;2,10E+01;5,25;
1,58E+01;2,08E+01;-5,01;
1,78E+01;2,08E+01;-2,95;
4,73E+01;2,06E+01;26,74;
2,02E+01;2,05E+01;-0,35;
3,62E+01;2,53E+01;10,87;
4,60E+00;2,27E+01;-18,07;
7,00E+00;2,28E+01;-15,84;
2,19E+01;2,01E+01;1,77;
2,34E+01;2,22E+01;1,23;
2,29E+01;2,14E+01;1,54;
1,10E+01;2,06E+01;-9,56;
1,88E+01;3,40E+01;-15,17;
5,10E+00;2,03E+01;-15,17;
4,30E+00;3,83E+01;-34,04;
1,34E+01;2,13E+01;-7,93;
6,80E+00;2,07E+01;-13,93;
1,76E+01;3,53E+01;-17,74;
1,46E+01;2,60E+01;-11,42;
1,67E+01;2,46E+01;-7,89;
2,07E+01;2,03E+01;0,36;
1,13E+01;2,02E+01;-8,93;
4,81E+01;3,76E+01;10,54;
6,23E+01;4,14E+01;20,89;
1,47E+01;2,34E+01;-8,72;
3,25E+01;2,78E+01;4,67;
1,54E+01;2,16E+01;-6,21;
2,36E+01;2,09E+01;2,73;
9,60E+00;2,26E+01;-12,96;
9,50E+00;2,03E+01;-10,83;
9,70E+00;2,25E+01;-12,75;
2,64E+01;3,30E+01;-6,57;
8,50E+00;2,21E+01;-13,63;
1,06E+01;2,06E+01;-10,02;
2,45E+01;2,98E+01;-5,25;
5,30E+00;2,01E+01;-14,84;
6,80E+00;3,62E+01;-29,42;
1,78E+01;2,62E+01;-8,43;
2,46E+01;2,14E+01;3,23;
4,34E+01;4,34E+01;0,03;
1,67E+01;2,27E+01;-6,00;
1,41E+01;2,48E+01;-10,73;
5,60E+00;2,02E+01;-14,63;
1,24E+01;2,00E+01;-7,60;
7,20E+00;2,06E+01;-13,36;
4,90E+00;2,05E+01;-15,57;
6,05E+01;2,50E+01;35,50;
7,50E+00;2,96E+01;-22,11;
9,60E+00;2,39E+01;-14,26;
1,32E+01;2,69E+01;-13,74;
2,21E+01;2,15E+01;0,57;
2,38E+01;2,22E+01;1,57;
8,92E+01;6,01E+01;29,11;
2,19E+01;3,77E+01;-15,82;
3,78E+01;5,90E+01;-21,23;
1,27E+01;2,21E+01;-9,36;
2,44E+01;6,13E+01;-36,85;
2,49E+01;2,20E+01;2,93;
3,61E+01;2,51E+01;10,96;
5,78E+01;3,03E+01;27,52;
4,24E+01;2,07E+01;21,74;
7,51E+01;6,88E+01;6,29;
4,16E+01;2,77E+01;13,88;
5,82E+01;6,78E+01;-9,55;
2,74E+01;2,06E+01;6,79;
2,44E+01;2,11E+01;3,29;
7,16E+01;3,42E+01;37,44;
4,47E+01;2,09E+01;23,76;
1,57E+02;1,05E+02;51,98;
7,01E+01;2,75E+01;42,65;
2,50E+01;2,11E+01;3,86;
5,34E+01;5,46E+01;-1,16;
2,38E+01;2,80E+01;-4,20;
1,62E+01;2,91E+01;-12,89;
2,55E+01;4,60E+01;-20,53;
1,29E+01;2,05E+01;-7,55;
6,18E+01;4,93E+01;12,46;
3,59E+01;2,91E+01;6,81;
2,15E+01;4,23E+01;-20,81;
1,11E+01;3,88E+01;-27,65;
6,71E+01;3,32E+01;33,88;
8,65E+01;8,66E+01;-0,06;
5,50E+01;3,53E+01;19,75;
7,19E+01;3,57E+01;36,21;
5,79E+01;4,13E+01;16,59;
3,83E+01;4,92E+01;-10,86;
3,40E+01;2,90E+01;4,95;
3,76E+01;3,61E+01;1,54;
2,56E+01;2,17E+01;3,94;
1,01E+02;7,66E+01;24,68;
5,32E+01;4,73E+01;5,86;
3,22E+01;3,68E+01;-4,64;
2,07E+01;2,05E+01;0,25;
4,90E+01;3,17E+01;17,33;
5,80E+01;4,45E+01;13,53;
7,29E+01;4,17E+01;31,21;
3,72E+01;4,71E+01;-9,92;
4,25E+01;3,07E+01;11,78;
4,89E+01;2,69E+01;21,99;
6,20E+01;4,72E+01;14,84;
2,50E+01;3,95E+01;-14,53;
4,73E+01;5,66E+01;-9,33;
4,72E+01;4,37E+01;3,48;
2,18E+01;3,63E+01;-14,45;
5,20E+01;3,84E+01;13,56;
9,07E+01;4,29E+01;47,79;
3,11E+01;2,03E+01;10,82;
4,71E+01;3,72E+01;9,94;
3,80E+01;3,12E+01;6,80;
4,81E+01;3,51E+01;13,01;
6,60E+01;4,25E+01;23,47;
8,39E+01;6,81E+01;15,84;
8,76E+01;4,88E+01;38,79;
5,70E+01;5,82E+01;-1,16;
2,83E+01;2,07E+01;7,60;
3,50E+01;5,11E+01;-16,06;
3,57E+01;2,83E+01;7,39;
1,56E+02;9,85E+01;57,30;
4,75E+01;2,30E+01;24,45;
9,57E+01;4,77E+01;47,98;
2,16E+01;2,21E+01;-0,52;
2,10E+01;2,04E+01;0,63;
3,14E+01;2,16E+01;9,84;
4,11E+01;3,89E+01;2,19;
2,40E+01;2,03E+01;3,72;
3,71E+01;2,25E+01;14,65;
5,48E+01;3,85E+01;16,30;
1,10E+01;2,01E+01;-9,06;
1,24E+01;2,01E+01;-7,66;
8,48E+01;6,08E+01;24,02;
2,18E+01;2,02E+01;1,57;
1,20E+01;2,02E+01;-8,19;
1,82E+01;2,05E+01;-2,25;
1,31E+01;2,15E+01;-8,40;
1,47E+01;2,13E+01;-6,63;
2,59E+01;2,64E+01;-0,46;
2,99E+01;2,62E+01;3,71;
2,28E+01;2,19E+01;0,86;
2,69E+01;2,19E+01;5,01;
3,81E+01;3,25E+01;5,63;
3,17E+01;2,00E+01;11,68;
7,41E+01;4,30E+01;31,13;
4,78E+01;4,09E+01;6,86;
2,65E+01;2,82E+01;-1,67;
1,85E+01;2,04E+01;-1,92;
2,43E+01;2,09E+01;3,38;
1,96E+01;2,01E+01;-0,49;
2,87E+01;2,19E+01;6,79;
3,96E+01;2,76E+01;11,99;
3,02E+01;2,42E+01;5,98;
6,29E+01;4,81E+01;14,84;
3,40E+01;3,99E+01;-5,91;
4,17E+01;3,68E+01;4,86;
3,09E+01;4,01E+01;-9,19;
5,41E+01;6,43E+01;-10,15;
2,43E+01;3,24E+01;-8,11;
3,45E+01;2,14E+01;13,11;
2,41E+01;2,17E+01;2,40;
3,21E+01;3,00E+01;2,05;
2,60E+01;2,58E+01;0,23;
2,51E+01;3,70E+01;-11,87;
5,10E+01;6,24E+01;-11,41;
2,24E+01;2,66E+01;-4,23;
4,52E+01;4,43E+01;0,89;
4,19E+01;4,14E+01;0,49;
2,84E+01;2,05E+01;7,95;
4,68E+01;2,03E+01;26,55;
3,49E+01;2,46E+01;10,32;
1,09E+02;7,23E+01;36,45;
4,24E+01;3,16E+01;10,82;
1,04E+02;1,17E+02;-12,86;
1,66E+01;2,03E+01;-3,70;
3,69E+01;2,51E+01;11,76;
2,48E+01;2,15E+01;3,30;
2,17E+01;2,09E+01;0,79;
1,16E+01;2,22E+01;-10,62;
9,70E+00;2,09E+01;-11,19;
2,20E+01;2,65E+01;-4,55;
2,96E+01;2,15E+01;8,13;
9,20E+00;1,99E+01;-10,68;
2,60E+01;2,97E+01;-3,67;
2,24E+01;2,24E+01;0,04;
2,28E+01;2,26E+01;0,22;
1,32E+01;2,03E+01;-7,05;
9,24E+01;3,23E+01;60,09;
3,84E+01;2,32E+01;15,18;
1,68E+01;2,06E+01;-3,78;
3,18E+01;2,21E+01;9,69;
2,60E+01;2,20E+01;4,03;
1,67E+01;2,27E+01;-5,99;
2,31E+01;2,15E+01;1,55;
3,13E+01;2,25E+01;8,85;
2,64E+01;2,16E+01;4,76;
3,34E+01;5,07E+01;-17,32;
1,21E+01;2,07E+01;-8,59;
8,92E+01;6,46E+01;24,64;
4,66E+01;2,57E+01;20,94;
2,51E+01;2,34E+01;1,73;
6,26E+01;3,85E+01;24,13;
1,76E+01;2,25E+01;-4,85;
8,84E+01;6,84E+01;19,96;
8,62E+01;2,18E+01;64,45;
4,69E+01;2,03E+01;26,59;
3,40E+01;2,26E+01;11,41;
4,71E+01;3,34E+01;13,69;
5,43E+01;2,07E+01;33,63;
8,99E+01;4,33E+01;46,65;
6,86E+01;4,77E+01;20,88;
5,63E+01;2,54E+01;30,86;
7,79E+01;3,33E+01;44,56;
6,60E+01;5,59E+01;10,09;
5,76E+01;5,00E+01;7,60;
6,08E+01;2,93E+01;31,50;
2,03E+01;2,75E+01;-7,25;
6,93E+01;4,94E+01;19,86;
7,28E+01;5,50E+01;17,80;
5,20E+01;4,60E+01;5,97;
7,33E+01;4,47E+01;28,61;
3,68E+01;2,22E+01;14,58;
3,82E+01;2,27E+01;15,48;
6,00E+01;5,00E+01;9,97;
5,74E+01;2,56E+01;31,78;
7,75E+01;4,57E+01;31,78;
3,71E+01;2,04E+01;16,72;
1,40E+01;2,09E+01;-6,94;
4,53E+01;4,84E+01;-3,08;
1,31E+01;2,00E+01;-6,95;
5,38E+01;3,52E+01;18,58;
2,25E+01;2,07E+01;1,83;
1,61E+01;2,07E+01;-4,62;
2,88E+01;2,14E+01;7,44;
6,59E+01;6,24E+01;3,49;
4,45E+01;2,13E+01;23,17;
2,89E+01;2,15E+01;7,37;
8,33E+01;5,33E+01;30,02;
2,34E+01;2,28E+01;0,59;
2,95E+01;2,29E+01;6,59;
4,23E+01;3,54E+01;6,92;
3,50E+01;2,28E+01;12,16;
2,02E+01;2,30E+01;-2,85;
2,62E+01;2,73E+01;-1,10;
1,86E+01;2,19E+01;-3,31;
1,66E+01;2,23E+01;-5,74;
1,52E+01;4,53E+01;-30,08;
2,05E+01;2,14E+01;-0,94;
4,88E+01;4,57E+01;3,11;
3,43E+01;2,67E+01;7,58;
5,94E+01;3,64E+01;22,99;
2,38E+01;2,41E+01;-0,28;
2,93E+01;2,37E+01;5,60;
1,83E+01;2,42E+01;-5,89;
1,99E+01;1,55E+01;4,38;
5,11E+01;2,47E+01;26,41;
1,93E+01;2,11E+01;-1,84;
2,31E+01;2,22E+01;0,87;
6,65E+01;4,55E+01;21,03;
3,77E+01;2,27E+01;15,04;
3,63E+01;5,62E+01;-19,92;
3,35E+01;2,41E+01;9,39;
2,44E+01;2,77E+01;-3,32;
2,16E+01;2,19E+01;-0,29;
4,74E+01;4,39E+01;3,49;
5,04E+01;4,58E+01;4,59;
3,21E+01;3,35E+01;-1,43;
3,79E+01;3,97E+01;-1,76;
5,18E+01;4,19E+01;9,92;
2,38E+01;2,01E+01;3,66;
6,07E+01;4,96E+01;11,11;
5,71E+01;2,20E+01;35,15;
2,65E+01;2,39E+01;2,56;
5,15E+01;2,84E+01;23,11;
5,92E+01;2,33E+01;35,95;
1,38E+01;2,04E+01;-6,64;
1,88E+01;3,08E+01;-11,97;
2,47E+01;2,44E+01;0,33;
1,17E+01;1,93E+01;-7,55;
2,01E+01;2,15E+01;-1,43;
1,14E+01;2,13E+01;-9,88;
4,44E+01;2,43E+01;20,09;
1,53E+01;2,06E+01;-5,34;
2,56E+01;2,10E+01;4,65;
3,67E+01;2,28E+01;13,89;
2,39E+01;2,19E+01;1,96;
1,21E+01;1,98E+01;-7,73;
2,87E+01;2,86E+01;0,11;
4,97E+01;3,47E+01;15,01;
1,06E+01;2,02E+01;-9,56;
4,82E+01;3,89E+01;9,33;
1,13E+01;2,03E+01;-9,00;
3,78E+01;3,16E+01;6,16;
1,80E+01;2,18E+01;-3,83;
1,97E+01;2,90E+01;-9,35;
3,55E+01;2,24E+01;13,09;
6,32E+01;3,75E+01;25,73;
2,51E+01;3,91E+01;-14,02;
3,48E+01;2,62E+01;8,60;
6,98E+01;4,47E+01;25,11;
4,00E+01;4,65E+01;-6,50;
4,06E+01;2,09E+01;19,66;
2,91E+01;2,59E+01;3,18;
1,67E+01;2,10E+01;-4,35;
2,66E+01;2,22E+01;4,41;
7,01E+01;2,14E+01;48,68;
5,33E+01;3,12E+01;22,10;
4,57E+01;4,91E+01;-3,42;
2,54E+01;1,85E+01;6,87;
2,75E+01;2,19E+01;5,64;
1,01E+01;2,01E+01;-9,96;
6,70E+01;2,15E+01;45,48;
8,52E+01;5,52E+01;29,98;
6,29E+01;3,16E+01;31,31;
8,43E+01;7,34E+01;10,86;
2,92E+01;6,47E+01;-35,49;
4,17E+01;2,50E+01;16,73;
1,32E+01;2,13E+01;-8,11;
1,82E+01;2,26E+01;-4,42;
2,46E+01;2,37E+01;0,93;
5,38E+01;3,75E+01;16,27;
1,49E+01;2,16E+01;-6,74;
4,70E+01;4,98E+01;-2,84;
2,73E+01;2,38E+01;3,47;
2,27E+01;1,96E+01;3,12;
2,23E+01;2,12E+01;1,14;
9,78E+01;6,49E+01;32,93;
1,56E+01;2,90E+01;-13,35;
1,62E+01;2,70E+01;-10,77;
1,14E+01;1,99E+01;-8,54;
3,49E+01;2,64E+01;8,49;
3,87E+01;3,17E+01;7,03;
2,32E+01;2,52E+01;-1,97;
1,23E+01;1,68E+01;-4,48;
1,34E+01;2,10E+01;-7,65;
1,62E+01;2,45E+01;-8,35;
2,04E+01;2,20E+01;-1,58;
2,23E+01;2,51E+01;-2,79;
4,58E+01;2,95E+01;16,35;
4,68E+01;3,97E+01;7,11;
4,50E+00;2,01E+01;-15,56;
2,23E+01;3,22E+01;-9,92;
5,10E+00;2,03E+01;-15,20;
2,67E+01;2,36E+01;3,11;
1,22E+01;2,03E+01;-8,14;
1,69E+01;2,05E+01;-3,65;
2,68E+01;2,09E+01;5,89;
2,28E+01;3,48E+01;-12,01;
1,03E+01;2,10E+01;-10,65;
2,34E+01;2,02E+01;3,17;
1,88E+01;2,13E+01;-2,47;
6,45E+01;4,52E+01;19,28;
1,07E+01;2,19E+01;-11,24;
1,70E+01;2,05E+01;-3,50;
2,81E+01;2,25E+01;5,55;
2,50E+01;2,96E+01;-4,58;
8,00E+00;2,08E+01;-12,77;
8,94E+01;6,64E+01;23,03;
2,82E+01;2,17E+01;6,53;
2,41E+01;2,15E+01;2,58;
2,69E+01;2,48E+01;2,15;
1,39E+01;2,07E+01;-6,82;
1,92E+01;1,99E+01;-0,67;
9,10E+00;1,99E+01;-10,82;
2,15E+01;2,54E+01;-3,86;
1,23E+01;2,06E+01;-8,34;
1,76E+01;2,14E+01;-3,77;
5,62E+01;4,95E+01;6,73;
1,79E+01;2,03E+01;-2,35;
1,88E+01;2,70E+01;-8,23;
5,09E+01;5,35E+01;-2,63;
1,14E+01;1,99E+01;-8,52;
3,32E+01;3,56E+01;-2,39;
2,30E+01;2,21E+01;0,94;
5,70E+00;2,02E+01;-14,53;
2,47E+01;3,68E+01;-12,08;
2,73E+01;3,53E+01;-7,95;
2,85E+01;4,02E+01;-11,66;
3,90E+00;2,05E+01;-16,60;
2,43E+01;2,89E+01;-4,58;
2,11E+01;2,01E+01;1,01;
2,27E+01;2,17E+01;1,04;
2,01E+01;2,10E+01;-0,85;
1,75E+01;2,18E+01;-4,28;
1,87E+01;2,09E+01;-2,17;
1,83E+01;2,08E+01;-2,51;
4,29E+01;2,75E+01;15,38;
2,63E+01;2,61E+01;0,24;
3,02E+01;2,45E+01;5,65;
2,70E+01;2,20E+01;4,98;
1,10E+01;2,01E+01;-9,09;
3,34E+01;2,15E+01;11,87;
1,04E+01;2,08E+01;-10,41;
8,60E+00;2,20E+01;-13,43;
1,39E+01;2,16E+01;-7,73;
2,60E+01;2,11E+01;4,94;
3,09E+01;2,94E+01;1,51;
7,00E+00;1,98E+01;-12,81;
3,17E+01;2,20E+01;9,70;
3,19E+01;2,23E+01;9,60;
3,24E+01;2,26E+01;9,78;
2,57E+01;2,89E+01;-3,22;
7,65E+01;3,90E+01;37,47;
3,55E+01;2,08E+01;14,72;
3,55E+01;3,36E+01;1,94;
3,38E+01;2,19E+01;11,89;
2,96E+01;2,12E+01;8,40;
2,66E+01;2,10E+01;5,63;
2,37E+01;2,41E+01;-0,44;
9,10E+00;1,98E+01;-10,70;
9,50E+00;2,00E+01;-10,55;
1,97E+01;2,28E+01;-3,07;
1,09E+01;2,41E+01;-13,23;
9,10E+00;2,06E+01;-11,52;
2,09E+01;2,25E+01;-1,55;
1,95E+01;2,42E+01;-4,73;
1,75E+01;2,30E+01;-5,45;
2,45E+01;2,47E+01;-0,23;
1,10E+01;2,01E+01;-9,11;
2,09E+01;2,69E+01;-6,04;
1,92E+01;2,24E+01;-3,16;
1,02E+01;2,00E+01;-9,85;
2,17E+01;2,20E+01;-0,32;
1,98E+01;2,00E+01;-0,17;
8,00E+00;2,10E+01;-12,97;
1,52E+01;2,07E+01;-5,47;
2,23E+01;2,35E+01;-1,25;
1,64E+01;2,73E+01;-10,93;
7,80E+00;2,03E+01;-12,50;
6,50E+00;2,01E+01;-13,59;
3,15E+01;2,09E+01;10,58;
2,55E+01;2,00E+01;5,55;
6,41E+01;5,75E+01;6,60;
6,13E+01;3,71E+01;24,17;
3,89E+01;2,78E+01;11,12;
2,96E+01;2,44E+01;5,23;
1,44E+01;2,00E+01;-5,62;
2,92E+01;2,28E+01;6,37;
4,68E+01;3,51E+01;11,67;
1,28E+01;2,05E+01;-7,72;
3,18E+01;3,44E+01;-2,64;
3,80E+00;5,78E+00;-1,98;
4,30E+01;2,82E+01;14,78;
1,96E+01;2,06E+01;-1,04;
3,92E+01;5,30E+01;-13,80;
4,23E+01;3,61E+01;6,17;
1,01E+01;2,03E+01;-10,15;
1,83E+01;2,17E+01;-3,37;
1,82E+01;2,58E+01;-7,64;
1,83E+01;4,83E+01;-29,98;
2,30E+00;1,94E+01;-17,11;
1,22E+01;2,30E+01;-10,83;
1,74E+01;2,13E+01;-3,90;
1,00E+01;2,10E+01;-10,98;
1,06E+01;2,01E+01;-9,52;
2,20E+00;1,98E+01;-17,64;
2,40E+00;1,88E+01;-16,41;
4,34E+01;4,76E+01;-4,22;
7,00E+00;2,06E+01;-13,63;
2,50E+00;1,93E+01;-16,84;
1,58E+01;2,00E+01;-4,18;
9,40E+00;2,23E+01;-12,85;
5,89E+01;4,06E+01;18,28;
6,02E+01;8,09E+01;-20,74;
1,11E+02;1,14E+02;-2,36;
4,28E+01;4,99E+01;-7,11;
4,41E+01;4,06E+01;3,51;
2,17E+01;2,39E+01;-2,22;
4,94E+01;3,04E+01;19,04;
8,09E+01;5,65E+01;24,37;
3,17E+01;2,14E+01;10,29;
3,54E+01;1,22E+01;23,20;
2,49E+01;4,30E+01;-18,07;
3,10E+01;3,52E+01;-4,19;
3,55E+01;2,69E+01;8,61;
3,77E+01;5,32E+01;-15,49;
5,04E+01;2,49E+01;25,49;
8,96E+01;6,33E+01;26,35;
1,51E+01;2,41E+01;-9,01;
2,41E+01;2,01E+01;3,98;
3,44E+01;2,32E+01;11,24;
1,38E+01;2,07E+01;-6,87;
3,58E+01;2,65E+01;9,27;
1,98E+01;2,02E+01;-0,40;
1,24E+01;2,00E+01;-7,63;
1,52E+01;2,07E+01;-5,53;
1,48E+01;2,02E+01;-5,43;
1,52E+01;2,06E+01;-5,41;
2,76E+01;2,26E+01;4,98;
7,70E+00;1,98E+01;-12,13;
1,01E+01;2,02E+01;-10,12;
1,66E+01;2,02E+01;-3,57;
5,41E+01;3,97E+01;14,38;
1,32E+01;2,19E+01;-8,69;
2,88E+01;3,07E+01;-1,86;
1,58E+01;1,76E+01;-1,78;
1,66E+01;2,15E+01;-4,95;
2,75E+01;3,08E+01;-3,31;
2,06E+01;2,16E+01;-0,99;
2,51E+01;2,02E+01;4,87;
2,64E+01;2,43E+01;2,09;
5,85E+01;3,61E+01;22,44;
3,79E+01;2,03E+01;17,60;
4,01E+01;3,05E+01;9,55;
4,02E+01;3,05E+01;9,70;
2,96E+01;3,72E+01;-7,62;
3,52E+01;2,06E+01;14,59;
3,85E+01;2,29E+01;15,61;
2,51E+01;2,01E+01;4,98;
2,69E+01;3,17E+01;-4,83;
2,02E+01;1,99E+01;0,29;
4,01E+01;2,54E+01;14,69;
2,75E+01;2,21E+01;5,38;
2,91E+01;2,07E+01;8,44;
1,71E+01;2,07E+01;-3,63;
3,54E+01;4,63E+01;-10,88;
2,91E+01;2,62E+01;2,87;
2,65E+01;4,53E+01;-18,78;
3,87E+01;3,31E+01;5,61;
2,98E+01;2,16E+01;8,17;
3,72E+01;2,86E+01;8,61;
1,98E+01;2,08E+01;-1,04;
2,36E+01;2,07E+01;2,94;
4,63E+01;3,57E+01;10,61;
3,63E+01;2,38E+01;12,49;
1,78E+01;2,06E+01;-2,84;
1,20E+01;2,04E+01;-8,39;
1,59E+01;2,11E+01;-5,18;
2,34E+01;2,14E+01;2,01;
3,86E+01;4,15E+01;-2,90;
5,07E+01;2,12E+01;29,47;
2,65E+01;2,18E+01;4,73;
5,66E+01;4,85E+01;8,07;
2,56E+01;2,82E+01;-2,56;
1,73E+01;2,19E+01;-4,58;
1,48E+01;2,11E+01;-6,26;
4,66E+01;2,28E+01;23,76;
3,92E+01;3,00E+01;9,25;
5,12E+01;6,60E+01;-14,80;
4,95E+01;6,94E+01;-19,94;
9,60E+00;2,07E+01;-11,10;
3,37E+01;4,56E+01;-11,86;
1,44E+01;2,40E+01;-9,62;
2,45E+01;2,08E+01;3,69;
1,48E+01;2,40E+01;-9,22;
2,23E+01;2,25E+01;-0,23;
4,98E+01;3,92E+01;10,61;
6,96E+01;3,68E+01;32,82;
7,20E+00;2,02E+01;-13,00;
1,80E+01;2,25E+01;-4,48;
4,05E+01;3,66E+01;3,94;
1,74E+01;2,07E+01;-3,32;
1,13E+01;2,02E+01;-8,87;
1,07E+01;2,00E+01;-9,32;
1,25E+01;2,01E+01;-7,58;
1,08E+01;2,08E+01;-9,95;
8,20E+00;1,99E+01;-11,69;
2,37E+01;2,18E+01;1,90;
2,55E+01;2,41E+01;1,39;
1,45E+01;2,29E+01;-8,39;
2,98E+01;2,18E+01;7,99;
8,10E+00;2,02E+01;-12,07;
2,85E+01;2,06E+01;7,92;
8,60E+00;2,16E+01;-13,01;
2,78E+01;2,44E+01;3,44;
3,17E+01;2,41E+01;7,62;
1,18E+01;2,00E+01;-8,25;
3,00E+01;4,18E+01;-11,75;
9,80E+00;2,05E+01;-10,75;
1,79E+01;2,05E+01;-2,63;
2,57E+01;3,00E+01;-4,25;
2,41E+01;2,29E+01;1,24;
2,09E+01;2,10E+01;-0,12;
3,99E+01;2,16E+01;18,26;
4,63E+01;3,19E+01;14,44;
2,49E+01;2,13E+01;3,59;
1,30E+01;2,04E+01;-7,44;
1,42E+01;2,02E+01;-6,00;
1,70E+01;1,95E+01;-2,45;
1,49E+01;2,14E+01;-6,48;
1,95E+01;2,08E+01;-1,33;
5,16E+01;3,14E+01;20,19;
3,82E+01;2,02E+01;18,00;
1,73E+01;2,06E+01;-3,33;
6,76E+01;4,98E+01;17,85;
6,54E+01;2,55E+01;39,85;
5,09E+01;3,27E+01;18,21;
1,48E+02;8,93E+01;58,45;
3,37E+01;2,19E+01;11,83;
3,00E+01;3,33E+01;-3,28;
2,45E+01;2,38E+01;0,66;
1,27E+01;2,17E+01;-8,97;
5,14E+01;2,74E+01;24,03;
1,64E+01;2,60E+01;-9,62;
1,91E+01;2,21E+01;-3,02;
1,91E+01;2,22E+01;-3,09;
2,34E+01;2,99E+01;-6,48;
2,01E+01;2,14E+01;-1,26;
2,31E+01;2,77E+01;-4,63;
3,90E+01;3,66E+01;2,44;
1,48E+01;2,23E+01;-7,48;
2,19E+01;2,36E+01;-1,74;
2,50E+01;2,37E+01;1,33;
1,79E+01;2,20E+01;-4,12;
1,92E+01;2,25E+01;-3,25;
2,08E+01;2,02E+01;0,61;
3,04E+01;2,54E+01;5,04;
1,52E+01;2,05E+01;-5,25;
8,50E+00;2,04E+01;-11,91;
2,91E+01;2,97E+01;-0,56;
2,21E+01;2,75E+01;-5,42;
1,11E+01;1,83E+01;-7,18;
2,74E+01;2,19E+01;5,54;
1,86E+01;2,33E+01;-4,70;
1,34E+01;2,01E+01;-6,73;
2,50E+01;2,31E+01;1,92;
2,12E+01;2,21E+01;-0,94;
3,16E+01;2,93E+01;2,33;
1,39E+01;1,95E+01;-5,62;
5,83E+01;2,40E+01;34,27;
2,40E+01;3,00E+01;-5,95;
1,81E+01;2,29E+01;-4,79;
4,44E+01;3,43E+01;10,12;
5,45E+01;3,13E+01;23,17;
4,03E+01;3,08E+01;9,53;
1,23E+01;1,99E+01;-7,59;
1,34E+01;2,06E+01;-7,23;
1,18E+01;3,20E+01;-20,23;
4,26E+01;2,63E+01;16,35;
3,67E+01;2,20E+01;14,68;
1,68E+01;2,13E+01;-4,47;
3,51E+01;2,90E+01;6,10;
1,84E+01;2,23E+01;-3,94;
2,52E+01;2,30E+01;2,25;
1,05E+02;5,20E+01;53,03;
3,84E+01;4,53E+01;-6,94;
1,42E+01;2,08E+01;-6,57;
1,99E+01;2,60E+01;-6,08;
1,03E+01;2,25E+01;-12,15;
3,31E+01;2,73E+01;5,85;
1,49E+01;2,94E+01;-14,46;
1,78E+02;8,40E+01;94,20;
5,14E+01;2,94E+01;22,01;
3,76E+01;2,53E+01;12,29;
4,92E+01;4,31E+01;6,11;
6,06E+01;4,38E+01;16,76;
3,95E+01;2,50E+01;14,50;
3,60E+01;2,44E+01;11,58;
6,75E+01;7,51E+01;-7,56;
2,24E+01;2,31E+01;-0,68;
3,18E+01;2,68E+01;5,03;
3,70E+01;2,69E+01;10,06;
1,23E+01;2,07E+01;-8,36;
1,60E+01;2,07E+01;-4,66;
4,23E+01;3,92E+01;3,08;
4,75E+01;3,28E+01;14,66;
6,11E+01;5,29E+01;8,19;
1,31E+01;2,15E+01;-8,38;
7,81E+01;9,11E+01;-13,03;
1,68E+01;4,69E+01;-30,11;
1,84E+01;2,10E+01;-2,58;
8,30E+01;7,96E+01;3,38;
4,88E+01;2,25E+01;26,25;
8,59E+01;4,95E+01;36,40;
2,44E+01;2,32E+01;1,20;
4,45E+01;2,79E+01;16,59;
6,20E+01;4,08E+01;21,25;
9,87E+01;3,30E+01;65,67;
3,76E+01;3,45E+01;3,07;
1,54E+02;5,13E+01;102,79;
6,18E+01;6,81E+01;-6,26;
3,96E+01;2,42E+01;15,38;
2,76E+01;2,61E+01;1,49;
1,98E+01;2,86E+01;-8,76;
1,46E+01;2,49E+01;-10,27;
3,93E+01;3,97E+01;-0,39;
3,25E+01;2,75E+01;5,05;
2,42E+01;5,04E+01;-26,24;
2,01E+01;2,35E+01;-3,38;
4,75E+01;5,19E+01;-4,44;
4,21E+01;4,53E+01;-3,24;
2,65E+01;2,65E+01;0,03;
6,84E+01;4,75E+01;20,87;
1,48E+01;3,45E+01;-19,67;
1,74E+01;2,24E+01;-5,01;
5,17E+01;4,42E+01;7,54;
5,55E+01;2,55E+01;30,05;
1,68E+01;2,03E+01;-3,53;
1,07E+02;4,86E+01;58,71;
5,66E+01;4,68E+01;9,85;
3,81E+01;3,29E+01;5,16;
2,83E+01;3,79E+01;-9,64;
3,04E+01;3,37E+01;-3,32;
5,85E+01;6,99E+01;-11,44;
5,51E+01;3,14E+01;23,72;
5,84E+01;4,53E+01;13,15;
3,72E+01;2,45E+01;12,72;
2,89E+01;2,63E+01;2,57;
2,75E+01;2,88E+01;-1,28;
2,91E+01;2,07E+01;8,43;
3,62E+01;1,61E+01;20,09;
6,43E+01;8,03E+01;-15,95;
5,47E+01;6,39E+01;-9,17;
5,74E+01;2,71E+01;30,34;
4,41E+01;2,62E+01;17,94;
3,18E+01;2,28E+01;9,05;
6,64E+01;6,41E+01;2,28;
7,23E+01;6,06E+01;11,74;
8,70E+01;5,94E+01;27,59;
5,21E+01;3,03E+01;21,77;
3,04E+01;2,12E+01;9,20;
5,50E+01;3,95E+01;15,50;
5,21E+01;3,70E+01;15,13;
4,12E+01;2,91E+01;12,12;
7,01E+01;7,27E+01;-2,59;
3,26E+01;3,16E+01;0,97;
8,15E+01;5,93E+01;22,19;
3,95E+01;3,44E+01;5,13;
1,14E+02;5,97E+01;54,01;
5,20E+01;4,55E+01;6,50;
4,92E+01;4,36E+01;5,64;
5,56E+01;4,32E+01;12,38;
2,01E+01;2,33E+01;-3,18;
2,86E+01;2,37E+01;4,90;
3,23E+01;3,00E+01;2,33;
2,32E+01;2,25E+01;0,73;
4,58E+01;3,81E+01;7,71;
3,36E+01;2,94E+01;4,21;
2,96E+01;2,39E+01;5,68;
2,70E+01;2,75E+01;-0,47;
1,55E+01;2,31E+01;-7,63;
2,82E+01;2,89E+01;-0,67;
1,82E+01;2,30E+01;-4,80;
2,55E+01;2,21E+01;3,41;
2,93E+01;3,43E+01;-4,95;
1,89E+01;2,25E+01;-3,60;
6,79E+01;4,46E+01;23,31;
1,99E+01;2,19E+01;-1,96;
3,41E+01;2,61E+01;7,99;
4,21E+01;2,67E+01;15,43;
1,44E+01;2,03E+01;-5,88;
2,33E+01;2,14E+01;1,88;
4,88E+01;3,34E+01;15,39;
3,09E+01;3,38E+01;-2,88;
3,35E+01;2,13E+01;12,19;
1,08E+01;2,02E+01;-9,36;
2,17E+01;2,75E+01;-5,80;
4,34E+01;3,96E+01;3,81;
2,17E+01;2,12E+01;0,51;
3,08E+01;2,19E+01;8,86;
2,07E+01;2,29E+01;-2,19;
2,39E+01;2,18E+01;2,06;
4,19E+01;3,30E+01;8,90;
1,90E+01;2,05E+01;-1,55;
3,83E+01;2,97E+01;8,60;
1,20E+01;2,18E+01;-9,75;
3,31E+01;2,40E+01;9,08;
9,10E+00;2,55E+01;-16,43;
9,60E+00;2,63E+01;-16,73;
1,32E+01;2,00E+01;-6,78;
1,51E+01;2,02E+01;-5,13;
1,63E+01;2,19E+01;-5,56;
1,61E+01;2,04E+01;-4,27;
1,54E+01;2,10E+01;-5,62;
1,80E+01;2,29E+01;-4,92;
2,52E+01;2,49E+01;0,28;
1,47E+01;2,14E+01;-6,66;
5,29E+01;2,26E+01;30,31;
2,64E+01;3,40E+01;-7,63;
4,74E+01;2,99E+01;17,53;
2,93E+01;3,03E+01;-1,01;
3,66E+01;2,38E+01;12,77;
1,43E+01;2,10E+01;-6,75;
1,87E+01;2,23E+01;-3,61;
2,49E+01;2,81E+01;-3,23;
4,11E+01;2,06E+01;20,49;
4,62E+01;2,53E+01;20,93;
4,53E+01;2,15E+01;23,77;
8,90E+00;2,06E+01;-11,71;
7,50E+00;2,00E+01;-12,52;
3,80E+01;2,44E+01;13,64;
8,30E+00;2,00E+01;-11,67;
2,06E+01;2,01E+01;0,49;
5,19E+01;4,67E+01;5,24;
3,20E+01;2,31E+01;8,86;
3,55E+01;2,30E+01;12,52;
2,97E+01;2,27E+01;6,97;
4,25E+01;3,31E+01;9,44;
2,73E+01;2,26E+01;4,72;
2,92E+01;2,32E+01;6,00;
1,08E+01;2,11E+01;-10,29;
1,32E+01;2,40E+01;-10,78;
2,36E+01;2,16E+01;2,04;
3,90E+00;2,14E+01;-17,49;
2,02E+01;2,03E+01;-0,08;
1,83E+01;2,08E+01;-2,45;
3,19E+01;2,38E+01;8,13;
6,37E+01;6,26E+01;1,14;
5,52E+01;5,06E+01;4,64;
2,26E+01;2,11E+01;1,51;
1,15E+01;2,00E+01;-8,48;
1,43E+01;2,05E+01;-6,20;
3,64E+01;2,42E+01;12,21;
5,40E+01;3,87E+01;15,31;
2,33E+01;2,09E+01;2,44;
1,46E+01;2,05E+01;-5,95;
1,73E+01;2,13E+01;-3,97;
1,29E+01;2,32E+01;-10,32;
2,54E+01;2,65E+01;-1,07;
2,76E+01;2,37E+01;3,90;
1,07E+01;2,38E+01;-13,10;
1,82E+01;2,24E+01;-4,21;
3,95E+01;3,82E+01;1,31;
2,71E+01;3,88E+01;-11,65;
2,49E+01;3,41E+01;-9,16;
1,24E+01;2,50E+01;-12,60;
2,24E+01;2,16E+01;0,82;
5,23E+01;3,98E+01;12,46;
4,17E+01;5,20E+01;-10,33;
2,86E+01;4,72E+01;-18,59;
2,30E+01;2,59E+01;-2,89;
1,11E+02;6,44E+01;46,13;
5,06E+01;3,61E+01;14,47;
4,56E+01;4,23E+01;3,29;
2,84E+01;2,34E+01;5,02;
5,05E+01;2,91E+01;21,42;
3,39E+01;4,15E+01;-7,63;
1,56E+01;2,23E+01;-6,65;
3,54E+01;3,86E+01;-3,16;
2,04E+01;2,29E+01;-2,54;
2,24E+01;2,87E+01;-6,26;
1,86E+01;2,58E+01;-7,17;
2,18E+01;2,96E+01;-7,83;
1,80E+01;2,29E+01;-4,86;
1,22E+01;3,28E+01;-20,55;
2,31E+01;2,32E+01;-0,12;
3,37E+01;2,46E+01;9,11;
1,27E+01;4,63E+01;-33,58;
2,51E+01;2,43E+01;0,76;
1,37E+01;2,21E+01;-8,44;
1,19E+01;2,23E+01;-10,40;
9,80E+00;2,46E+01;-14,78;
2,16E+01;2,31E+01;-1,48;
2,23E+01;3,34E+01;-11,11;
5,16E+01;4,75E+01;4,07;
1,97E+01;2,23E+01;-2,63;
3,49E+01;2,09E+01;13,96;
1,61E+01;2,07E+01;-4,59;
1,50E+01;2,07E+01;-5,69;
1,16E+01;2,03E+01;-8,71;
4,94E+01;4,63E+01;3,15;
2,83E+01;2,28E+01;5,47;
7,70E+00;2,05E+01;-12,85;
4,35E+01;3,75E+01;5,97;
3,90E+01;2,98E+01;9,22;
9,66E+01;4,96E+01;47,01;
3,26E+01;2,94E+01;3,16;
9,10E+00;2,03E+01;-11,17;
1,71E+01;2,03E+01;-3,15;
2,59E+01;2,29E+01;2,98;
2,12E+01;3,10E+01;-9,82;
3,26E+01;2,48E+01;7,76;
3,09E+01;2,13E+01;9,62;
3,72E+01;2,36E+01;13,58;
5,91E+01;3,42E+01;24,88;
2,92E+01;2,66E+01;2,62;
5,10E+01;2,18E+01;29,19;
2,51E+01;2,08E+01;4,35;
4,43E+01;2,92E+01;15,11;
2,73E+01;2,17E+01;5,57;
6,00E+01;2,84E+01;31,61;
3,92E+01;2,79E+01;11,31;
2,48E+01;2,10E+01;3,75;
3,46E+01;3,18E+01;2,79;
3,39E+01;2,45E+01;9,40;
3,23E+01;2,34E+01;8,92;
1,53E+01;2,34E+01;-8,06;
3,89E+01;2,94E+01;9,54;
8,20E+00;1,97E+01;-11,52;
9,60E+00;2,00E+01;-10,45;
1,64E+01;3,22E+01;-15,79;
3,21E+01;2,35E+01;8,55;
2,10E+01;2,72E+01;-6,23;
4,90E+01;4,34E+01;5,59;
1,71E+01;2,05E+01;-3,45;
3,79E+01;2,99E+01;8,03;
4,77E+01;4,44E+01;3,33;
5,58E+01;3,88E+01;16,96;
8,48E+01;5,46E+01;30,21;
2,91E+01;3,78E+01;-8,74;
6,73E+01;5,32E+01;14,11;
4,20E+01;3,14E+01;10,64;
7,50E+01;5,90E+01;15,97;
3,93E+01;2,52E+01;14,11;
2,73E+01;4,09E+01;-13,64;
3,50E+01;3,34E+01;1,56;
3,64E+01;3,43E+01;2,09;
5,71E+01;5,52E+01;1,91;
2,00E+01;5,01E+01;-30,09;
3,84E+01;5,87E+01;-20,32;
3,89E+01;4,05E+01;-1,57;
2,75E+01;2,16E+01;5,92;
3,57E+01;2,94E+01;6,29;
3,44E+01;2,73E+01;7,12;
5,16E+01;5,14E+01;0,19;
4,32E+01;4,96E+01;-6,39;
7,57E+01;6,53E+01;10,45;
8,91E+01;6,51E+01;24,04;
4,31E+01;3,38E+01;9,35;
5,24E+01;3,72E+01;15,24;
4,77E+01;5,58E+01;-8,11;
9,40E+01;5,70E+01;36,97;
7,13E+01;6,14E+01;9,89;
4,16E+01;2,74E+01;14,22;
1,96E+01;2,05E+01;-0,93;
3,78E+01;3,51E+01;2,67;
5,38E+01;4,69E+01;6,89;
3,04E+01;2,15E+01;8,85;
1,35E+01;2,41E+01;-10,56;
3,90E+01;3,88E+01;0,22;
6,26E+01;6,06E+01;2,04;
5,94E+01;6,98E+01;-10,41;
3,54E+01;3,30E+01;2,40;
4,29E+01;3,65E+01;6,43;
4,51E+01;5,47E+01;-9,56;
5,02E+01;3,49E+01;15,33;
3,41E+01;3,97E+01;-5,59;
3,85E+01;5,13E+01;-12,84;
5,29E+01;4,71E+01;5,84;
3,81E+01;3,46E+01;3,54;
5,58E+01;3,33E+01;22,55;
7,58E+01;5,13E+01;24,49;
4,91E+01;4,01E+01;9,04;
2,48E+01;1,83E+01;6,52;
4,85E+01;2,50E+01;23,53;
3,70E+01;2,50E+01;12,03;
4,00E+01;2,16E+01;18,41;
3,30E+01;2,23E+01;10,69;
1,33E+02;9,08E+01;42,65;
5,14E+01;3,72E+01;14,18;
5,02E+01;4,69E+01;3,33;
7,51E+01;7,07E+01;4,41;
1,87E+01;2,38E+01;-5,07;
5,30E+00;2,01E+01;-14,82;
2,48E+01;2,23E+01;2,53;
1,56E+01;2,39E+01;-8,27;
8,91E+01;6,21E+01;26,97;
4,84E+01;4,13E+01;7,09;
1,99E+01;2,10E+01;-1,05;
4,96E+01;5,39E+01;-4,28;
7,43E+01;6,27E+01;11,64;
4,22E+01;4,78E+01;-5,58;
2,82E+01;2,75E+01;0,68;
2,74E+01;2,26E+01;4,82;
2,93E+01;2,51E+01;4,19;
6,69E+01;5,09E+01;16,03;
2,83E+01;2,45E+01;3,77;
1,52E+02;6,49E+01;87,36;
1,29E+01;2,07E+01;-7,80;
2,38E+01;2,89E+01;-5,06;
2,10E+01;2,72E+01;-6,16;
2,15E+01;2,44E+01;-2,86;
1,05E+01;1,80E+01;-7,45;
4,51E+01;3,76E+01;7,54;
1,65E+01;2,96E+01;-13,06;
3,78E+01;3,60E+01;1,77;
3,14E+01;2,69E+01;4,49;
2,34E+01;2,07E+01;2,68;
3,77E+01;4,35E+01;-5,80;
3,22E+01;4,14E+01;-9,24;
1,58E+01;5,90E+01;-43,17;
1,15E+01;2,37E+01;-12,20;
5,60E+00;2,03E+01;-14,73;
2,22E+01;2,68E+01;-4,60;
4,10E+00;2,24E+01;-18,28;
4,77E+01;6,92E+01;-21,49;
1,42E+01;2,68E+01;-12,61;
2,02E+01;4,15E+01;-21,33;
1,85E+01;4,18E+01;-23,34;
7,70E+00;2,65E+01;-18,83;
2,11E+01;3,21E+01;-11,02;
2,07E+01;3,78E+01;-17,11;
7,82E+01;4,05E+01;37,73;
2,14E+01;2,96E+01;-8,21;
1,87E+01;2,24E+01;-3,74;
2,99E+01;2,82E+01;1,70;
5,78E+01;4,23E+01;15,55;
3,35E+01;2,65E+01;7,05;
3,49E+01;4,34E+01;-8,54;
4,45E+01;2,89E+01;15,59;
3,29E+01;2,31E+01;9,82;
6,04E+01;4,91E+01;11,28;
3,42E+01;4,08E+01;-6,58;
5,27E+01;5,05E+01;2,23;
5,90E+01;3,06E+01;28,42;
2,05E+01;2,28E+01;-2,30;
1,04E+02;6,53E+01;38,75;
2,82E+01;2,47E+01;3,54;
2,05E+01;2,45E+01;-4,00;
4,26E+01;4,08E+01;1,82;
4,71E+01;3,09E+01;16,16;
4,72E+01;5,93E+01;-12,11;
2,70E+01;2,83E+01;-1,25;
1,09E+02;5,11E+01;57,74;
2,00E+01;2,45E+01;-4,48;
4,07E+01;5,53E+01;-14,64;
3,67E+01;4,38E+01;-7,11;
2,74E+01;3,62E+01;-8,79;
2,88E+01;3,09E+01;-2,14;
4,40E+01;5,11E+01;-7,09;
3,92E+01;2,33E+01;15,92;
5,44E+01;5,60E+01;-1,60;
2,74E+01;3,22E+01;-4,82;
3,28E+01;3,07E+01;2,08;
9,90E+00;1,99E+01;-9,98;
2,12E+01;5,76E+01;-36,42;
2,01E+01;2,01E+01;0,02;
7,12E+01;6,56E+01;5,57;
3,43E+01;4,07E+01;-6,39;
2,44E+01;2,21E+01;2,26;
4,51E+01;2,87E+01;16,44;
2,64E+01;2,26E+01;3,81;
9,28E+01;3,36E+01;59,21;
5,50E+00;1,80E+01;-12,45;
2,09E+01;2,63E+01;-5,38;
4,48E+01;3,12E+01;13,61;
2,08E+01;2,01E+01;0,72;
4,13E+01;2,28E+01;18,47;
6,28E+01;5,08E+01;12,02;
6,60E+01;3,96E+01;26,41;
2,75E+01;4,42E+01;-16,72;
6,60E+00;2,44E+01;-17,76;
4,10E+00;2,00E+01;-15,87;
3,35E+01;2,71E+01;6,38;
1,47E+01;2,03E+01;-5,63;
1,70E+01;4,85E+01;-31,50;
7,90E+00;2,17E+01;-13,79;
9,79E+01;7,88E+01;19,15;
8,30E+00;2,00E+01;-11,73;
2,20E+01;2,61E+01;-4,06;
4,66E+01;5,45E+01;-7,87;
8,70E+00;2,18E+01;-13,14;
9,70E+00;2,31E+01;-13,38;
4,29E+01;5,29E+01;-10,01;
3,47E+01;4,24E+01;-7,71;
1,71E+01;2,53E+01;-8,17;
3,70E+01;2,30E+01;13,95;
2,11E+01;2,27E+01;-1,63;
2,37E+01;2,18E+01;1,89;
1,37E+01;2,34E+01;-9,74;
4,11E+01;2,13E+01;19,83;
2,03E+01;2,21E+01;-1,83;
4,55E+01;4,45E+01;1,03;
3,09E+01;2,36E+01;7,29;
4,13E+01;3,26E+01;8,67;
5,00E+00;1,94E+01;-14,38;
4,37E+01;2,10E+01;22,65;
2,58E+01;2,40E+01;1,83;
3,02E+01;2,80E+01;2,20;
3,63E+01;2,09E+01;15,42;
2,92E+01;2,85E+01;0,68;
4,00E+00;2,01E+01;-16,08;
9,60E+00;2,00E+01;-10,37;
2,77E+01;2,82E+01;-0,52;
7,38E+01;5,72E+01;16,58;
4,56E+01;3,59E+01;9,72;
6,23E+01;4,98E+01;12,55;
2,19E+01;3,33E+01;-11,38;
4,48E+01;2,95E+01;15,28;
8,28E+01;9,01E+01;-7,26;
2,62E+01;2,74E+01;-1,22;
5,32E+01;2,40E+01;29,20;
3,30E+01;3,06E+01;2,38;
4,49E+01;3,77E+01;7,24;
2,61E+01;3,49E+01;-8,77;
2,84E+01;2,81E+01;0,27;
6,69E+01;7,16E+01;-4,66;
4,55E+01;3,69E+01;8,63;
3,51E+01;3,43E+01;0,79;
2,46E+01;3,07E+01;-6,12;
3,33E+01;3,28E+01;0,52;
5,63E+01;5,20E+01;4,33;
1,66E+01;2,19E+01;-5,27;
2,78E+01;2,14E+01;6,44;
2,65E+01;2,43E+01;2,16;
2,68E+01;3,23E+01;-5,51;
1,70E+01;2,48E+01;-7,84;
3,85E+01;2,45E+01;14,03;
2,03E+01;2,38E+01;-3,51;
2,68E+01;2,57E+01;1,08;
1,58E+01;2,34E+01;-7,56;
1,46E+01;2,30E+01;-8,37;
1,71E+01;3,95E+01;-22,37;
1,73E+01;2,61E+01;-8,76;
4,13E+01;4,58E+01;-4,48;
6,00E+00;2,02E+01;-14,17;
8,10E+00;2,10E+01;-12,88;
7,20E+00;2,08E+01;-13,64;
1,17E+01;2,15E+01;-9,78;
1,79E+01;2,40E+01;-6,07;
8,10E+00;2,16E+01;-13,48;
1,17E+01;2,48E+01;-13,10;
9,90E+00;1,88E+01;-8,91;
2,38E+01;2,48E+01;-1,04;
1,15E+01;2,78E+01;-16,31;
2,44E+01;2,20E+01;2,37;
2,53E+01;2,62E+01;-0,86;
2,06E+01;2,41E+01;-3,51;
1,53E+01;2,47E+01;-9,40;
9,20E+00;2,11E+01;-11,86;
1,79E+01;2,30E+01;-5,08;
4,85E+01;3,81E+01;10,38;
3,84E+01;2,80E+01;10,40;
4,59E+01;6,41E+01;-18,16;
5,30E+01;6,34E+01;-10,44;
3,08E+01;5,33E+01;-22,48;
1,08E+01;3,02E+01;-19,43;
3,69E+01;6,02E+01;-23,29;
6,99E+01;6,61E+01;3,78;
3,24E+01;5,54E+01;-23,04;
2,93E+01;4,63E+01;-17,01;
3,09E+01;2,71E+01;3,82;
1,58E+01;2,10E+01;-5,25;
4,18E+01;3,33E+01;8,52;
1,97E+01;2,41E+01;-4,42;
5,55E+01;7,29E+01;-17,38;
3,08E+01;2,63E+01;4,55;
3,15E+01;5,96E+01;-28,06;
5,77E+01;3,57E+01;22,01;
6,60E+00;2,17E+01;-15,06;
7,40E+00;2,70E+01;-19,58;
1,58E+01;2,10E+01;-5,25;
2,91E+01;2,85E+01;0,63;
8,90E+00;2,15E+01;-12,63;
2,95E+01;3,60E+01;-6,53;
1,71E+01;2,73E+01;-10,20;
3,21E+01;6,06E+01;-28,53;
2,93E+01;2,03E+01;8,96;
5,36E+01;3,13E+01;22,32;
9,10E+00;1,89E+01;-9,79;
4,60E+00;1,98E+01;-15,20;
2,79E+01;2,85E+01;-0,63;
6,34E+01;8,49E+01;-21,47;
7,50E+00;2,02E+01;-12,73;
3,01E+01;3,35E+01;-3,40;
3,66E+01;3,93E+01;-2,74;
4,59E+01;5,81E+01;-12,16;
2,51E+01;4,30E+01;-17,90;
6,70E+00;2,05E+01;-13,85;
2,21E+01;2,41E+01;-1,96;
1,33E+02;6,14E+01;71,69;
3,47E+01;2,15E+01;13,18;
2,18E+01;2,56E+01;-3,78;
1,78E+01;2,33E+01;-5,47;
3,02E+01;3,84E+01;-8,24;
4,16E+01;2,73E+01;14,35;
7,00E+00;2,10E+01;-14,02;
3,20E+01;2,28E+01;9,22;
2,13E+01;2,87E+01;-7,36;
3,25E+01;3,23E+01;0,16;
7,92E+01;1,10E+02;-31,05;
3,72E+01;4,41E+01;-6,92;
3,18E+01;2,35E+01;8,28;
3,55E+01;4,63E+01;-10,78;
3,60E+01;8,53E+01;-49,25;
4,79E+01;6,56E+01;-17,72;
1,70E+01;2,26E+01;-5,58;
3,75E+01;4,72E+01;-9,72;
2,20E+01;2,71E+01;-5,08;
4,03E+01;3,25E+01;7,80;
8,70E+00;2,13E+01;-12,64;
2,79E+01;2,60E+01;1,92;
2,51E+01;2,72E+01;-2,13;
2,89E+01;2,47E+01;4,23;
3,32E+01;2,29E+01;10,31;
3,96E+01;2,18E+01;17,83;
1,39E+01;2,19E+01;-8,01;
2,31E+01;3,74E+01;-14,31;
2,65E+01;3,28E+01;-6,25;
2,61E+01;2,27E+01;3,38;
2,21E+01;3,83E+01;-16,21;
3,40E+01;2,21E+01;11,86;
1,57E+01;2,31E+01;-7,43;
2,41E+01;2,90E+01;-4,95;
3,14E+01;2,64E+01;4,99;
1,32E+01;2,15E+01;-8,27;
1,33E+01;9,08E+00;4,22;
1,72E+01;1,27E+01;4,52;
1,39E+01;2,28E+01;-8,94;
1,49E+01;2,10E+01;-6,12;
1,21E+01;2,04E+01;-8,27;
1,16E+01;2,07E+01;-9,12;
2,22E+01;2,26E+01;-0,42;
1,57E+01;2,53E+01;-9,57;
9,30E+00;2,08E+01;-11,53;
8,10E+00;2,14E+01;-13,27;
5,70E+01;3,67E+01;20,31;
3,66E+01;2,30E+01;13,65;
5,32E+01;5,18E+01;1,42;
1,39E+01;2,10E+01;-7,15;
1,10E+01;2,02E+01;-9,16;
8,00E+00;2,03E+01;-12,34;
3,55E+01;4,32E+01;-7,69;
7,80E+00;2,08E+01;-13,03;
1,90E+01;4,42E+01;-25,22;
1,16E+01;2,14E+01;-9,82;
1,19E+01;2,03E+01;-8,40;
1,84E+01;2,12E+01;-2,80;
1,11E+01;2,05E+01;-9,40;
2,20E+01;2,07E+01;1,31;
8,40E+00;3,50E+01;-26,60;
6,90E+00;2,00E+01;-13,10;
1,92E+01;3,32E+01;-13,99;
4,00E+00;2,10E+01;-17,00;
2,62E+01;2,08E+01;5,36;
4,30E+01;3,63E+01;6,69;
2,11E+01;3,00E+01;-8,95;
4,39E+01;2,53E+01;18,62;
1,33E+02;7,99E+01;53,32;
2,68E+01;3,13E+01;-4,48;
3,16E+01;3,34E+01;-1,81;
2,00E+01;2,05E+01;-0,45;
1,15E+01;2,18E+01;-10,28;
2,51E+01;2,05E+01;4,60;
3,48E+01;5,87E+01;-23,92;
2,32E+01;2,25E+01;0,67;
6,90E+00;2,19E+01;-14,96;
2,02E+01;2,00E+01;0,18;
2,57E+01;2,30E+01;2,67;
2,25E+01;2,38E+01;-1,25;
9,30E+00;2,50E+01;-15,67;
7,70E+00;1,99E+01;-12,24;
1,71E+01;2,11E+01;-4,02;
7,50E+00;2,06E+01;-13,09;
2,03E+01;2,23E+01;-2,03;
6,59E+01;5,86E+01;7,28;
1,98E+01;2,64E+01;-6,58;
4,03E+01;5,18E+01;-11,54;
2,49E+01;3,41E+01;-9,23;
1,57E+01;2,06E+01;-4,94;
1,52E+01;2,41E+01;-8,93;
3,59E+01;2,42E+01;11,74;
1,50E+01;2,48E+01;-9,78;
3,41E+01;3,27E+01;1,41;
2,27E+01;2,19E+01;0,79;
1,41E+01;3,48E+01;-20,74;
1,39E+01;2,12E+01;-7,30;
7,20E+00;2,00E+01;-12,80;
7,02E+01;5,12E+01;18,98;
3,07E+01;2,78E+01;2,92;
1,41E+01;2,09E+01;-6,82;
1,91E+01;2,05E+01;-1,35;
2,00E+01;2,21E+01;-2,08;
4,92E+01;3,65E+01;12,67;
2,53E+01;2,26E+01;2,67;
4,17E+01;3,00E+01;11,75;
2,80E+01;2,22E+01;5,81;
1,31E+01;2,05E+01;-7,43;
1,93E+01;2,47E+01;-5,43;
3,56E+01;2,49E+01;10,69;
3,18E+01;2,42E+01;7,63;
2,65E+01;2,17E+01;4,81;
6,00E+01;3,78E+01;22,25;
1,88E+01;3,47E+01;-15,92;
1,45E+01;2,08E+01;-6,33;
2,90E+01;2,15E+01;7,53;
9,70E+00;2,04E+01;-10,69;
2,66E+01;2,18E+01;4,85;
1,14E+01;2,09E+01;-9,49;
1,89E+01;2,08E+01;-1,94;
1,53E+01;2,15E+01;-6,18;
2,75E+01;2,13E+01;6,19;
2,02E+01;2,55E+01;-5,30;
2,90E+01;2,11E+01;7,89;
4,33E+01;5,10E+01;-7,67;
1,90E+01;2,65E+01;-7,53;
2,00E+01;2,02E+01;-0,20;
1,33E+01;2,09E+01;-7,61;
2,50E+01;2,16E+01;3,42;
1,76E+01;2,66E+01;-9,02;
1,74E+01;2,64E+01;-8,96;
2,20E+01;2,34E+01;-1,44;
4,19E+01;3,15E+01;10,37;
2,62E+01;2,08E+01;5,42;
2,37E+01;2,05E+01;3,18;
2,10E+01;2,04E+01;0,63;
3,74E+01;2,48E+01;12,56;
3,09E+01;2,17E+01;9,17;
3,04E+01;2,23E+01;8,15;
2,65E+01;4,99E+01;-23,44;
2,48E+01;2,30E+01;1,83;
3,86E+01;2,22E+01;16,41;
5,55E+01;4,58E+01;9,72;
5,13E+01;3,31E+01;18,17;
1,84E+01;2,03E+01;-1,88;
1,63E+01;2,91E+01;-12,83;
4,73E+01;2,55E+01;21,75;
2,45E+01;2,14E+01;3,13;
2,41E+01;2,29E+01;1,24;
2,81E+01;2,24E+01;5,69;
4,03E+01;2,90E+01;11,30;
4,21E+01;2,55E+01;16,65;
4,77E+01;3,15E+01;16,20;
5,19E+01;2,68E+01;25,09;
2,56E+01;2,13E+01;4,32;
2,20E+01;2,04E+01;1,58;
3,66E+01;2,08E+01;15,83;
2,57E+01;2,24E+01;3,31;
1,59E+01;2,17E+01;-5,80;
3,86E+01;2,40E+01;14,60;
4,31E+01;2,73E+01;15,82;
7,70E+00;2,21E+01;-14,36;
4,33E+01;2,25E+01;20,85;
6,92E+01;3,81E+01;31,14;
2,72E+01;2,26E+01;4,64;
1,73E+01;2,01E+01;-2,76;
2,08E+01;2,12E+01;-0,39;
