21,40;28,64;7,24;9,60887874
33,50;31,16;-2,34;
38,10;33,69;-4,41;
26,50;32,28;5,78;
43,20;28,06;-15,14;
28,40;18,22;-10,18;
32,30;32,16;-0,14;
15,00;18,00;3,00;
27,50;25,45;-2,05;
60,00;41,81;-18,19;
56,50;38,41;-18,09;
45,10;42,16;-2,94;
25,60;37,84;12,24;
24,50;24,08;-0,42;
36,40;33,22;-3,18;
27,70;27,42;-0,28;
22,60;32,28;9,68;
28,40;27,92;-0,48;
30,70;32,59;1,89;
24,10;31,56;7,46;
31,80;27,42;-4,38;
21,60;22,61;1,01;
36,10;38,19;2,09;
40,80;45,31;4,51;
13,00;18,11;5,11;
37,00;40,81;3,81;
20,10;14,08;-6,02;
23,00;30,69;7,69;
25,30;27,50;2,20;
24,40;22,88;-1,52;
21,80;24,56;2,76;
22,60;21,63;-0,98;
17,20;22,50;5,30;
32,40;21,17;-11,23;
45,20;27,84;-17,36;
10,30;15,63;5,33;
12,00;18,28;6,28;
14,40;19,16;4,76;
33,80;26,41;-7,39;
25,90;36,19;10,29;
33,30;32,53;-0,77;
27,70;32,75;5,05;
34,40;34,81;0,41;
25,00;27,98;2,98;
9,00;10,77;1,77;
22,20;38,47;16,27;
34,00;27,80;-6,20;
22,20;25,53;3,33;
11,30;19,53;8,23;
14,60;21,72;7,12;
30,30;36,97;6,67;
53,70;44,84;-8,86;
35,20;31,69;-3,51;
29,50;28,89;-0,61;
34,50;27,81;-6,69;
20,30;24,23;3,93;
53,40;33,69;-19,71;
31,10;25,17;-5,93;
43,30;34,47;-8,83;
30,70;20,44;-10,26;
28,80;30,81;2,01;
25,30;18,02;-7,28;
30,70;29,20;-1,50;
9,60;15,44;5,84;
21,90;23,58;1,68;
19,60;29,67;10,07;
14,20;20,77;6,57;
49,50;31,42;-18,08;
20,40;24,06;3,66;
23,80;25,53;1,73;
21,70;25,00;3,30;
16,80;14,88;-1,92;
12,00;18,56;6,56;
18,60;21,05;2,45;
32,80;36,09;3,29;
29,60;20,59;-9,01;
58,60;34,72;-23,88;
14,20;20,06;5,86;
19,50;20,92;1,42;
47,50;39,63;-7,88;
30,70;33,84;3,14;
25,80;33,34;7,54;
14,50;26,00;11,50;
30,70;35,06;4,36;
20,50;38,19;17,69;
22,10;28,98;6,88;
17,50;28,11;10,61;
11,40;16,92;5,52;
27,60;28,41;0,81;
13,90;29,25;15,35;
31,90;30,38;-1,52;
27,90;30,88;2,98;
32,00;37,25;5,25;
12,40;21,47;9,07;
12,90;31,17;18,27;
28,00;39,44;11,44;
13,10;21,72;8,62;
27,80;30,61;2,81;
17,50;27,50;10,00;
10,30;24,34;14,04;
5,80;20,58;14,78;
41,30;37,25;-4,05;
22,60;20,23;-2,37;
51,40;26,02;-25,38;
18,70;21,61;2,91;
23,60;27,28;3,68;
13,20;21,11;7,91;
6,90;21,20;14,30;
7,50;17,89;10,39;
16,50;21,73;5,23;
22,00;26,06;4,06;
9,70;22,11;12,41;
40,70;38,56;-2,14;
25,90;20,52;-5,38;
10,00;22,17;12,17;
21,00;19,33;-1,67;
27,10;24,25;-2,85;
17,30;21,16;3,86;
21,10;15,25;-5,85;
34,30;21,69;-12,61;
44,00;28,03;-15,97;
27,30;18,94;-8,36;
51,40;36,53;-14,87;
45,10;37,59;-7,51;
11,40;23,11;11,71;
30,00;25,23;-4,77;
39,20;36,72;-2,48;
17,80;25,58;7,78;
16,80;22,73;5,93;
34,30;26,19;-8,11;
23,60;26,31;2,71;
42,50;27,63;-14,88;
31,60;40,31;8,71;
15,40;21,13;5,73;
25,50;21,95;-3,55;
19,50;19,77;0,27;
35,50;23,27;-12,23;
45,40;31,13;-14,28;
55,70;39,84;-15,86;
34,00;28,58;-5,42;
23,20;24,84;1,64;
21,70;35,25;13,55;
7,90;20,45;12,55;
13,00;19,44;6,44;
44,90;32,94;-11,96;
41,30;21,39;-19,91;
39,80;27,28;-12,52;
36,90;25,88;-11,03;
20,30;21,17;0,87;
6,30;20,55;14,25;
24,20;41,09;16,89;
28,00;27,77;-0,23;
30,10;31,86;1,76;
43,50;30,50;-13,00;
19,40;25,67;6,27;
12,40;10,74;-1,66;
29,00;30,72;1,72;
39,60;33,25;-6,35;
30,20;26,22;-3,98;
18,60;20,44;1,84;
15,80;25,83;10,03;
5,70;26,45;20,75;
31,30;32,88;1,58;
16,90;22,33;5,43;
8,60;19,84;11,24;
35,10;30,00;-5,10;
12,50;19,31;6,81;
35,00;23,77;-11,23;
12,50;20,48;7,98;
21,20;23,53;2,33;
13,80;20,59;6,79;
13,10;20,17;7,07;
24,60;40,91;16,31;
35,00;25,19;-9,81;
46,50;36,47;-10,03;
2,50;19,91;17,41;
27,30;29,23;1,93;
43,90;34,69;-9,21;
12,90;19,03;6,13;
29,60;24,78;-4,82;
20,00;20,91;0,91;
44,90;27,38;-17,53;
19,40;25,09;5,69;
15,60;31,97;16,37;
53,80;32,19;-21,61;
22,50;32,38;9,88;
19,90;27,72;7,82;
8,60;26,75;18,15;
15,30;19,48;4,18;
12,10;23,64;11,54;
18,30;25,92;7,62;
12,20;20,84;8,64;
14,20;23,42;9,22;
18,80;30,11;11,31;
12,40;21,13;8,73;
13,10;17,84;4,74;
23,70;33,25;9,55;
17,50;28,02;10,52;
49,00;21,98;-27,02;
21,70;25,97;4,27;
43,70;40,41;-3,29;
30,60;28,11;-2,49;
26,60;27,23;0,63;
25,40;22,55;-2,85;
25,80;32,59;6,79;
39,20;40,84;1,64;
36,70;27,97;-8,73;
21,40;32,16;10,76;
46,70;29,47;-17,23;
42,90;44,00;1,10;
41,40;34,91;-6,49;
57,30;52,78;-4,52;
25,40;26,31;0,91;
68,00;53,50;-14,50;
43,70;50,69;6,99;
56,90;44,56;-12,34;
54,50;38,97;-15,53;
67,90;63,75;-4,15;
39,90;40,81;0,91;
51,50;26,70;-24,80;
39,20;39,41;0,21;
61,60;62,75;1,15;
28,20;23,78;-4,42;
25,20;24,80;-0,40;
36,10;26,48;-9,62;
55,30;49,31;-5,99;
40,70;44,50;3,80;
26,20;29,81;3,61;
29,90;29,16;-0,74;
74,00;57,00;-17,00;
43,00;54,53;11,53;
36,70;28,16;-8,54;
31,60;36,53;4,93;
30,40;27,92;-2,48;
30,40;33,56;3,16;
61,50;48,63;-12,88;
45,80;41,34;-4,46;
34,90;28,64;-6,26;
81,40;55,16;-26,24;
28,80;32,25;3,45;
35,20;37,41;2,21;
46,10;46,44;0,34;
43,30;35,75;-7,55;
50,40;41,34;-9,06;
37,90;36,19;-1,71;
52,10;50,13;-1,97;
79,00;41,78;-37,22;
29,80;36,34;6,54;
31,20;41,69;10,49;
26,30;23,27;-3,03;
17,50;21,20;3,70;
20,60;33,81;13,21;
29,10;32,38;3,27;
28,80;36,81;8,01;
20,80;22,52;1,72;
27,00;20,25;-6,75;
26,60;42,78;16,18;
36,90;37,31;0,41;
31,20;32,34;1,14;
17,10;14,99;-2,11;
30,70;29,08;-1,62;
25,80;21,72;-4,08;
11,40;20,38;8,98;
25,50;28,81;3,31;
18,40;16,53;-1,87;
50,40;30,38;-20,03;
18,80;19,02;0,22;
15,80;17,63;1,82;
11,70;16,13;4,43;
9,40;23,91;14,51;
28,90;35,41;6,51;
18,80;24,42;5,62;
7,70;16,91;9,21;
19,20;24,75;5,55;
25,50;38,28;12,78;
44,50;31,31;-13,19;
31,60;20,63;-10,98;
4,50;17,19;12,69;
28,20;27,42;-0,78;
28,00;22,44;-5,56;
13,10;17,80;4,70;
41,50;31,61;-9,89;
9,00;17,02;8,02;
14,60;14,12;-0,48;
17,90;18,31;0,41;
7,70;15,66;7,96;
10,40;18,09;7,69;
32,20;28,20;-4,00;
19,40;21,02;1,62;
11,20;16,89;5,69;
22,20;19,98;-2,22;
14,50;16,91;2,41;
20,80;17,22;-3,58;
30,00;22,39;-7,61;
11,40;17,78;6,38;
10,90;17,45;6,55;
10,60;20,94;10,34;
5,20;16,70;11,50;
10,30;16,13;5,82;
15,50;20,94;5,44;
12,10;13,66;1,56;
10,10;15,89;5,79;
10,60;12,76;2,16;
7,40;15,85;8,45;
19,10;17,92;-1,18;
11,90;18,05;6,15;
13,90;17,70;3,80;
25,10;23,06;-2,04;
12,40;11,28;-1,12;
18,70;15,02;-3,68;
30,80;20,45;-10,35;
6,60;6,18;-0,42;
30,60;30,94;0,34;
18,20;19,63;1,42;
6,00;22,98;16,98;
12,00;29,81;17,81;
11,80;20,58;8,78;
14,00;19,55;5,55;
11,20;18,22;7,02;
13,30;19,89;6,59;
11,30;16,52;5,22;
21,00;27,84;6,84;
18,90;22,98;4,08;
19,20;32,16;12,96;
20,30;28,64;8,34;
11,80;25,97;14,17;
11,80;25,13;13,32;
12,50;20,11;7,61;
10,90;18,97;8,07;
13,00;19,48;6,48;
13,10;16,89;3,79;
9,50;18,55;9,05;
11,80;17,89;6,09;
14,50;31,91;17,41;
7,10;18,06;10,96;
20,80;22,64;1,84;
5,70;10,19;4,49;
14,50;19,14;4,64;
18,80;21,55;2,75;
15,50;22,66;7,16;
23,50;28,95;5,45;
17,40;23,53;6,13;
15,10;21,86;6,76;
23,50;30,16;6,66;
15,80;24,05;8,25;
18,80;21,45;2,65;
17,70;22,92;5,22;
18,60;21,84;3,24;
16,00;23,19;7,19;
19,20;21,81;2,61;
23,70;39,16;15,46;
15,40;33,56;18,16;
16,50;18,59;2,09;
19,30;19,55;0,25;
10,50;18,92;8,42;
25,00;34,25;9,25;
11,60;18,77;7,17;
12,90;20,69;7,79;
13,70;13,62;-0,08;
25,90;29,47;3,57;
5,80;18,64;12,84;
12,90;16,45;3,55;
9,40;24,70;15,30;
15,50;24,41;8,91;
10,00;18,91;8,91;
12,60;19,77;7,17;
17,80;24,55;6,75;
23,00;23,52;0,52;
18,30;23,94;5,64;
23,00;29,73;6,73;
17,60;29,17;11,57;
12,00;26,84;14,84;
27,00;42,13;15,13;
11,80;25,63;13,82;
15,40;22,88;7,48;
13,10;20,44;7,34;
14,30;27,53;13,23;
13,90;25,00;11,10;
14,80;22,28;7,48;
21,70;43,63;21,92;
22,20;32,19;9,99;
13,30;22,39;9,09;
18,90;23,16;4,26;
11,70;14,52;2,82;
7,60;17,56;9,96;
17,40;21,16;3,76;
15,40;29,81;14,41;
14,60;21,16;6,56;
24,80;18,92;-5,88;
27,60;31,25;3,65;
18,90;23,05;4,15;
17,60;26,94;9,34;
24,00;28,80;4,80;
9,00;14,84;5,84;
15,70;18,30;2,60;
20,80;27,77;6,97;
12,90;21,95;9,05;
12,90;36,03;23,13;
17,80;24,84;7,04;
41,60;40,31;-1,29;
14,60;23,66;9,06;
14,70;24,53;9,83;
36,80;26,41;-10,39;
14,90;23,05;8,15;
19,20;25,97;6,77;
12,60;19,86;7,26;
23,70;19,70;-4,00;
15,70;22,42;6,72;
12,00;18,53;6,53;
9,30;14,20;4,90;
23,80;23,16;-0,64;
20,60;32,28;11,68;
22,40;23,20;0,80;
19,40;27,19;7,79;
16,20;26,22;10,02;
16,90;17,41;0,51;
16,10;29,81;13,71;
22,70;21,89;-0,81;
9,20;12,46;3,26;
23,50;29,41;5,91;
13,90;29,02;15,12;
14,60;24,25;9,65;
17,60;24,95;7,35;
17,00;33,81;16,81;
17,20;19,14;1,94;
30,40;25,97;-4,43;
31,00;35,56;4,56;
5,10;10,47;5,37;
15,60;23,33;7,73;
14,70;29,42;14,72;
12,70;20,45;7,75;
9,40;13,68;4,28;
11,30;21,56;10,26;
15,90;21,13;5,23;
18,20;37,78;19,58;
20,70;24,33;3,63;
14,90;22,63;7,73;
39,20;22,94;-16,26;
13,80;21,78;7,98;
14,40;24,36;9,96;
16,70;23,05;6,35;
12,40;17,84;5,44;
5,80;15,13;9,32;
20,60;20,44;-0,16;
18,90;27,28;8,38;
18,40;20,92;2,52;
13,40;20,86;7,46;
52,10;49,66;-2,44;
20,80;27,92;7,12;
21,90;30,72;8,82;
8,70;21,17;12,47;
16,90;24,16;7,26;
13,60;20,11;6,51;
20,60;34,19;13,59;
13,60;26,58;12,98;
14,30;33,81;19,51;
12,70;24,33;11,63;
13,60;28,08;14,48;
13,40;21,67;8,27;
7,60;15,39;7,79;
83,70;38,66;-45,04;
18,70;16,27;-2,43;
11,00;6,14;-4,86;
11,80;23,28;11,48;
33,10;27,05;-6,05;
11,40;12,39;0,99;
28,60;31,25;2,65;
9,80;25,19;15,39;
31,60;23,70;-7,90;
47,00;23,27;-23,73;
16,70;18,89;2,19;
10,10;12,13;2,03;
10,40;14,99;4,59;
5,10;19,06;13,96;
18,80;19,58;0,78;
19,50;13,35;-6,15;
20,00;22,86;2,86;
6,30;19,97;13,67;
11,30;17,13;5,82;
13,40;23,48;10,08;
15,80;22,63;6,82;
14,30;14,30;0,00;
18,90;24,67;5,77;
27,90;19,70;-8,20;
3,80;22,48;18,68;
12,80;23,95;11,15;
13,90;18,17;4,27;
16,50;19,52;3,02;
9,40;17,39;7,99;
31,80;19,59;-12,21;
22,70;19,09;-3,61;
14,00;26,94;12,94;
23,60;24,05;0,45;
7,00;19,81;12,81;
13,70;21,11;7,41;
20,00;22,81;2,81;
7,70;18,00;10,30;
10,80;24,84;14,04;
6,60;23,59;16,99;
14,90;22,13;7,23;
7,90;19,16;11,26;
15,90;33,38;17,48;
22,20;21,34;-0,86;
23,00;13,58;-9,42;
12,10;26,50;14,40;
10,30;23,47;13,17;
10,20;23,31;13,11;
24,70;20,91;-3,79;
14,90;16,77;1,87;
23,80;20,34;-3,46;
33,40;38,31;4,91;
22,20;18,78;-3,42;
12,60;18,06;5,46;
13,10;20,58;7,48;
9,20;18,73;9,53;
11,00;17,17;6,17;
26,20;18,09;-8,11;
12,70;21,08;8,38;
12,00;10,94;-1,06;
8,10;18,67;10,57;
14,40;33,50;19,10;
15,60;25,53;9,93;
11,80;19,16;7,36;
13,60;19,27;5,67;
13,50;19,36;5,86;
32,40;13,51;-18,89;
18,30;23,92;5,62;
21,00;20,67;-0,33;
13,70;19,77;6,07;
18,90;21,77;2,87;
18,60;23,64;5,04;
15,00;19,92;4,92;
10,50;19,53;9,03;
22,70;22,73;0,03;
10,90;19,20;8,30;
5,60;16,25;10,65;
12,90;32,06;19,16;
8,20;16,56;8,36;
5,00;21,17;16,17;
12,30;25,31;13,01;
12,00;24,39;12,39;
10,40;16,14;5,74;
6,60;25,73;19,13;
11,80;17,73;5,93;
7,90;20,64;12,74;
9,30;20,42;11,12;
27,70;15,11;-12,59;
47,60;37,00;-10,60;
22,00;20,73;-1,27;
16,50;17,56;1,06;
8,70;18,08;9,38;
9,50;19,14;9,64;
37,20;24,17;-13,03;
10,60;15,23;4,63;
13,00;7,88;-5,12;
12,50;12,59;0,09;
12,20;23,27;11,07;
10,60;18,48;7,88;
10,60;20,30;9,70;
10,60;18,27;7,67;
6,80;18,58;11,78;
13,90;16,84;2,94;
4,60;18,44;13,84;
6,10;17,55;11,45;
10,60;22,91;12,31;
10,70;13,77;3,07;
11,90;26,61;14,71;
7,30;18,41;11,11;
17,00;28,16;11,16;
4,70;16,30;11,60;
5,30;19,83;14,53;
8,10;21,42;13,32;
13,80;22,63;8,82;
7,30;22,17;14,87;
10,90;17,59;6,69;
37,70;23,50;-14,20;
14,80;23,75;8,95;
10,50;22,28;11,78;
66,10;24,95;-41,15;
10,90;22,20;11,30;
15,20;22,78;7,58;
9,70;19,56;9,86;
14,60;23,67;9,07;
12,10;26,92;14,82;
39,60;26,77;-12,83;
10,70;17,00;6,30;
7,70;23,73;16,03;
33,30;24,25;-9,05;
9,00;25,89;16,89;
8,60;21,23;12,63;
9,10;23,14;14,04;
21,60;22,16;0,56;
11,70;23,86;12,16;
7,70;15,41;7,71;
16,10;23,69;7,59;
9,40;15,44;6,04;
11,50;26,39;14,89;
9,70;4,96;-4,74;
7,70;18,59;10,89;
12,30;26,05;13,75;
10,70;19,70;9,00;
19,40;21,20;1,80;
8,40;17,73;9,33;
25,70;24,27;-1,43;
11,00;27,09;16,09;
31,90;32,34;0,44;
9,00;16,16;7,16;
5,80;12,16;6,36;
22,80;20,14;-2,66;
13,70;36,00;22,30;
10,30;19,33;9,03;
14,10;20,70;6,60;
7,00;28,94;21,94;
12,90;20,42;7,52;
12,20;26,98;14,78;
29,50;21,84;-7,66;
14,00;29,63;15,63;
29,20;20,19;-9,01;
15,20;20,38;5,18;
11,70;23,41;11,71;
14,90;23,64;8,74;
16,80;27,41;10,61;
11,90;19,67;7,77;
10,60;24,42;13,82;
29,80;31,52;1,72;
11,90;25,58;13,68;
15,10;23,16;8,06;
8,30;22,11;13,81;
33,70;25,27;-8,43;
32,00;27,19;-4,81;
7,10;26,88;19,78;
48,90;24,25;-24,65;
27,80;24,30;-3,50;
14,00;19,31;5,31;
14,10;20,20;6,10;
40,00;38,47;-1,53;
34,10;36,19;2,09;
9,90;19,53;9,63;
16,00;15,74;-0,26;
29,50;27,05;-2,45;
12,60;28,45;15,85;
15,50;18,33;2,83;
38,20;23,23;-14,97;
46,80;22,17;-24,63;
16,40;30,28;13,88;
36,00;20,69;-15,31;
20,80;21,38;0,58;
21,50;24,88;3,38;
14,70;26,22;11,52;
19,20;31,61;12,41;
21,70;22,11;0,41;
48,00;20,28;-27,72;
47,00;34,81;-12,19;
30,20;16,09;-14,11;
27,70;23,31;-4,39;
31,50;35,47;3,97;
28,70;23,59;-5,11;
40,40;42,75;2,35;
11,10;17,30;6,20;
32,80;26,27;-6,53;
24,50;22,03;-2,47;
27,70;20,14;-7,56;
23,60;20,86;-2,74;
41,90;24,52;-17,38;
12,40;19,73;7,33;
26,20;23,81;-2,39;
26,00;24,44;-1,56;
18,00;19,89;1,89;
18,10;18,89;0,79;
30,60;20,81;-9,79;
13,90;23,92;10,02;
31,70;27,53;-4,17;
12,90;20,14;7,24;
27,70;27,70;0,00;
43,60;33,69;-9,91;
32,30;34,78;2,48;
25,50;22,52;-2,98;
24,40;19,77;-4,63;
33,20;35,66;2,46;
20,40;26,41;6,01;
16,70;25,58;8,88;
24,50;28,25;3,75;
15,30;18,53;3,23;
47,00;36,78;-10,22;
18,90;19,72;0,82;
26,10;22,56;-3,54;
20,00;19,27;-0,73;
15,40;19,55;4,15;
38,50;24,63;-13,88;
20,00;19,97;-0,03;
25,80;21,48;-4,32;
57,80;51,50;-6,30;
20,50;17,34;-3,16;
20,30;23,25;2,95;
23,10;24,66;1,56;
42,50;33,84;-8,66;
18,00;24,31;6,31;
34,60;33,03;-1,57;
46,70;38,53;-8,17;
21,00;25,00;4,00;
26,30;26,02;-0,28;
15,70;21,78;6,08;
33,50;30,42;-3,08;
22,80;21,06;-1,74;
33,30;24,20;-9,10;
31,50;26,11;-5,39;
15,60;17,56;1,96;
11,80;20,08;8,28;
13,00;20,16;7,16;
15,40;17,05;1,65;
24,40;19,73;-4,67;
36,60;31,42;-5,18;
39,00;23,42;-15,58;
22,00;20,02;-1,98;
25,00;21,63;-3,38;
30,00;25,48;-4,52;
21,70;19,89;-1,81;
27,40;27,05;-0,35;
17,40;24,36;6,96;
29,60;22,11;-7,49;
20,60;20,05;-0,55;
23,40;23,20;-0,20;
19,50;20,16;0,66;
34,30;37,41;3,11;
13,40;21,63;8,23;
14,90;21,30;6,40;
23,50;20,63;-2,88;
25,40;19,20;-6,20;
17,20;17,70;0,50;
16,70;19,05;2,35;
17,40;27,70;10,30;
25,00;21,23;-3,77;
20,90;14,87;-6,03;
20,20;22,00;1,80;
24,70;26,22;1,52;
31,10;27,41;-3,69;
27,30;21,77;-5,53;
19,40;16,22;-3,18;
21,60;24,16;2,56;
12,60;18,19;5,59;
25,20;17,09;-8,11;
42,10;35,25;-6,85;
51,10;38,22;-12,88;
51,30;29,38;-21,92;
32,00;40,66;8,66;
42,30;45,53;3,23;
44,50;41,38;-3,13;
29,50;26,02;-3,48;
50,20;42,66;-7,54;
22,70;20,55;-2,15;
34,10;21,95;-12,15;
30,80;19,52;-11,28;
32,60;20,47;-12,13;
27,20;23,20;-4,00;
58,10;36,91;-21,19;
44,00;26,84;-17,16;
56,30;31,27;-25,03;
43,70;33,47;-10,23;
22,80;21,42;-1,38;
26,10;29,02;2,92;
29,20;22,11;-7,09;
20,00;26,19;6,19;
30,80;29,95;-0,85;
40,90;33,69;-7,21;
28,00;21,02;-6,98;
27,70;19,94;-7,76;
35,20;31,42;-3,78;
34,70;22,77;-11,93;
36,30;26,50;-9,80;
42,90;26,80;-16,10;
23,40;19,98;-3,42;
32,50;24,02;-8,48;
30,20;41,34;11,14;
40,80;30,69;-10,11;
37,80;25,48;-12,32;
37,80;32,22;-5,58;
42,40;27,41;-14,99;
42,00;39,63;-2,38;
55,80;40,41;-15,39;
30,80;32,94;2,14;
53,20;40,94;-12,26;
37,50;38,72;1,22;
50,80;41,34;-9,46;
64,30;44,22;-20,08;
46,70;27,77;-18,93;
56,40;36,19;-20,21;
40,10;26,09;-14,01;
22,10;20,86;-1,24;
40,00;29,86;-10,14;
26,00;23,48;-2,52;
37,60;26,80;-10,80;
39,90;37,69;-2,21;
48,30;43,63;-4,67;
36,60;28,16;-8,44;
30,20;33,50;3,30;
61,30;48,72;-12,58;
34,40;27,84;-6,56;
45,70;37,94;-7,76;
11,80;23,02;11,22;
13,70;16,73;3,03;
29,00;24,36;-4,64;
56,00;31,22;-24,78;
32,30;26,53;-5,77;
32,00;37,88;5,88;
7,50;21,98;14,48;
42,30;41,91;-0,39;
19,70;19,16;-0,54;
45,50;24,66;-20,84;
23,20;22,28;-0,92;
25,30;20,69;-4,61;
12,80;15,73;2,93;
34,80;25,66;-9,14;
72,80;57,69;-15,11;
47,80;43,81;-3,99;
42,40;34,97;-7,43;
44,80;30,73;-14,07;
27,30;21,63;-5,67;
21,10;22,98;1,88;
34,80;24,44;-10,36;
28,30;35,84;7,54;
43,20;32,13;-11,08;
39,20;21,67;-17,53;
37,20;33,47;-3,73;
17,20;23,52;6,32;
44,60;33,13;-11,47;
28,30;22,25;-6,05;
28,00;21,02;-6,98;
22,50;18,92;-3,58;
4,90;20,83;15,93;
24,80;19,27;-5,53;
37,40;25,97;-11,43;
16,50;21,73;5,23;
32,50;23,16;-9,34;
17,10;13,64;-3,46;
20,00;19,48;-0,52;
14,40;17,70;3,30;
23,50;23,11;-0,39;
13,70;20,86;7,16;
24,70;20,75;-3,95;
33,70;43,47;9,77;
18,00;25,28;7,28;
8,50;19,94;11,44;
15,20;19,27;4,07;
26,40;30,81;4,41;
15,40;33,25;17,85;
15,80;48,44;32,64;
8,80;22,36;13,56;
16,10;18,22;2,12;
27,90;27,48;-0,42;
24,10;21,38;-2,73;
31,30;23,42;-7,88;
36,40;32,72;-3,68;
20,80;29,91;9,11;
28,70;28,59;-0,11;
29,40;30,00;0,60;
15,30;20,42;5,12;
45,30;40,13;-5,17;
3,70;23,20;19,50;
5,00;15,71;10,71;
3,00;20,25;17,25;
24,30;33,16;8,86;
37,10;37,97;0,87;
13,80;23,97;10,17;
23,30;31,61;8,31;
11,30;11,47;0,17;
28,60;24,75;-3,85;
22,70;28,45;5,75;
8,70;12,30;3,60;
19,00;19,19;0,19;
18,40;19,42;1,02;
31,30;17,78;-13,52;
29,80;17,47;-12,33;
37,30;21,91;-15,39;
27,90;19,09;-8,81;
30,50;20,38;-10,13;
24,20;18,33;-5,87;
34,90;24,69;-10,21;
45,70;34,28;-11,42;
32,20;21,08;-11,12;
46,00;24,92;-21,08;
15,80;29,17;13,37;
20,20;22,39;2,19;
45,10;33,09;-12,01;
12,90;17,23;4,33;
31,40;19,84;-11,56;
28,20;22,31;-5,89;
28,20;34,13;5,92;
12,50;16,83;4,33;
33,70;44,34;10,64;
31,40;31,08;-0,32;
30,70;23,66;-7,04;
20,10;30,59;10,49;
21,40;25,78;4,38;
23,80;37,53;13,73;
22,10;47,41;25,31;
19,80;30,69;10,89;
14,50;19,36;4,86;
17,80;18,88;1,08;
17,80;25,70;7,90;
24,80;31,13;6,33;
20,90;22,28;1,38;
31,90;32,44;0,54;
31,00;43,09;12,09;
17,10;21,45;4,35;
19,70;28,14;8,44;
35,00;31,31;-3,69;
22,00;25,52;3,52;
16,40;25,44;9,04;
16,40;25,73;9,33;
9,50;8,20;-1,30;
14,60;21,78;7,18;
9,00;16,14;7,14;
28,30;36,13;7,83;
18,20;24,33;6,13;
16,50;23,64;7,14;
16,50;20,94;4,44;
38,90;28,11;-10,79;
28,50;27,89;-0,61;
22,40;21,13;-1,27;
46,00;38,31;-7,69;
13,40;17,84;4,44;
14,00;22,11;8,11;
37,40;30,78;-6,62;
6,20;20,91;14,71;
13,50;20,23;6,73;
6,00;17,28;11,28;
19,10;21,30;2,20;
16,80;25,83;9,03;
12,60;18,98;6,38;
16,20;16,22;0,02;
6,70;17,22;10,52;
10,00;22,05;12,05;
16,50;28,86;12,36;
18,30;18,77;0,47;
32,70;25,67;-7,03;
7,80;17,52;9,72;
6,70;18,94;12,24;
14,00;19,58;5,58;
21,30;27,38;6,08;
6,80;15,98;9,18;
15,60;27,86;12,26;
21,60;37,22;15,62;
19,00;23,56;4,56;
28,30;24,66;-3,64;
23,90;39,50;15,60;
3,30;17,13;13,83;
2,20;18,83;16,63;
6,70;19,72;13,02;
3,70;17,42;13,72;
28,10;28,58;0,48;
29,00;29,98;0,98;
35,20;21,00;-14,20;
17,10;39,94;22,84;
18,10;21,63;3,52;
65,90;49,59;-16,31;
16,40;27,48;11,08;
9,30;16,88;7,57;
15,20;17,78;2,58;
17,10;21,06;3,96;
19,30;21,84;2,54;
12,10;23,31;11,21;
33,30;25,41;-7,89;
13,60;18,06;4,46;
11,30;18,05;6,75;
27,20;29,81;2,61;
47,70;31,53;-16,17;
60,60;19,48;-41,12;
67,80;36,81;-30,99;
34,20;23,20;-11,00;
47,00;37,22;-9,78;
30,60;36,19;5,59;
28,40;24,56;-3,84;
18,70;19,16;0,46;
16,70;19,92;3,22;
18,30;21,77;3,47;
31,60;32,44;0,84;
10,80;20,06;9,26;
10,30;24,30;14,00;
35,40;28,94;-6,46;
22,00;25,39;3,39;
8,30;30,83;22,53;
11,40;17,33;5,93;
18,10;20,58;2,48;
10,30;18,61;8,31;
44,60;46,41;1,81;
37,90;28,30;-9,60;
17,80;22,92;5,12;
35,20;37,00;1,80;
52,10;37,69;-14,41;
28,80;41,19;12,39;
39,00;29,38;-9,63;
8,50;20,59;12,09;
11,80;22,84;11,04;
6,50;19,38;12,88;
5,50;19,98;14,48;
22,90;27,48;4,58;
20,70;24,80;4,10;
35,40;27,14;-8,26;
7,50;21,48;13,98;
21,10;29,41;8,31;
26,20;27,33;1,13;
23,10;26,89;3,79;
12,10;21,03;8,93;
33,00;30,55;-2,45;
20,50;27,42;6,92;
18,60;19,55;0,95;
45,30;47,47;2,17;
20,60;21,84;1,24;
20,50;24,41;3,91;
30,20;23,66;-6,54;
18,60;23,14;4,54;
16,50;20,14;3,64;
15,20;30,44;15,24;
24,40;28,80;4,40;
40,40;31,91;-8,49;
21,10;27,98;6,88;
22,20;22,94;0,74;
29,90;32,06;2,16;
18,40;20,83;2,43;
15,70;32,19;16,49;
12,90;15,15;2,25;
27,60;22,20;-5,40;
21,90;23,98;2,08;
21,80;20,80;-1,00;
10,20;12,37;2,17;
10,00;20,06;10,06;
20,00;22,61;2,61;
8,70;27,19;18,49;
21,70;30,08;8,38;
29,90;25,83;-4,07;
28,80;23,92;-4,88;
14,80;15,32;0,52;
20,00;18,97;-1,03;
17,60;24,25;6,65;
20,90;23,03;2,13;
32,20;29,81;-2,39;
39,80;28,98;-10,82;
19,30;24,63;5,33;
28,50;25,53;-2,97;
15,70;20,95;5,25;
23,90;23,86;-0,04;
36,40;30,44;-5,96;
19,80;24,33;4,53;
39,40;31,52;-7,88;
35,80;31,00;-4,80;
32,00;38,63;6,63;
23,00;29,28;6,28;
29,60;32,25;2,65;
27,10;28,30;1,20;
42,50;45,00;2,50;
33,70;35,41;1,71;
32,00;35,56;3,56;
34,80;37,25;2,45;
28,90;32,50;3,60;
32,00;32,63;0,63;
28,00;31,83;3,83;
26,80;30,06;3,26;
24,50;19,95;-4,55;
21,10;26,50;5,40;
28,70;31,81;3,11;
36,80;27,92;-8,88;
17,20;20,20;3,00;
17,50;20,69;3,19;
29,30;22,78;-6,52;
15,40;17,84;2,44;
16,10;17,30;1,20;
29,70;26,77;-2,93;
23,20;30,69;7,49;
22,60;18,94;-3,66;
12,70;21,64;8,94;
30,50;19,92;-10,58;
41,20;33,03;-8,17;
58,80;39,97;-18,83;
28,90;20,06;-8,84;
28,90;23,70;-5,20;
25,20;18,52;-6,68;
42,30;26,84;-15,46;
19,50;23,70;4,20;
10,10;25,27;15,17;
14,50;28,16;13,66;
5,60;16,83;11,23;
54,80;37,41;-17,39;
38,30;22,39;-15,91;
27,60;38,47;10,87;
26,00;28,95;2,95;
23,20;28,47;5,27;
20,50;26,31;5,81;
15,60;21,63;6,02;
13,40;20,69;7,29;
33,40;43,38;9,97;
23,90;24,63;0,73;
46,80;27,23;-19,57;
35,30;26,66;-8,64;
12,60;20,81;8,21;
31,00;29,03;-1,97;
17,40;7,28;-10,12;
30,90;40,22;9,32;
13,00;36,47;23,47;
18,60;21,06;2,46;
24,40;20,52;-3,88;
25,70;23,75;-1,95;
18,40;22,13;3,73;
9,00;19,19;10,19;
14,00;20,66;6,66;
9,40;21,52;12,12;
14,30;21,77;7,47;
13,30;29,50;16,20;
46,40;37,41;-8,99;
13,60;17,66;4,06;
17,30;25,88;8,58;
18,20;29,02;10,82;
26,20;32,63;6,42;
26,10;20,59;-5,51;
34,30;32,44;-1,86;
34,60;34,13;-0,47;
22,00;24,81;2,81;
24,80;26,94;2,14;
26,90;32,38;5,48;
38,40;40,72;2,32;
29,40;36,91;7,51;
26,70;26,17;-0,53;
57,00;43,38;-13,63;
17,90;18,83;0,93;
25,20;17,67;-7,53;
17,20;24,45;7,25;
20,30;27,09;6,79;
33,90;20,03;-13,87;
40,50;22,08;-18,42;
14,00;21,72;7,72;
80,20;43,13;-37,07;
17,90;22,70;4,80;
34,20;25,05;-9,15;
25,10;21,23;-3,87;
54,30;55,09;0,79;
47,80;38,72;-9,08;
35,10;31,47;-3,63;
11,50;28,64;17,14;
19,90;21,72;1,82;
7,90;21,89;13,99;
48,20;30,06;-18,14;
21,60;18,83;-2,77;
22,00;16,09;-5,91;
18,60;37,66;19,06;
18,20;31,56;13,36;
26,10;29,38;3,27;
21,40;27,33;5,93;
18,60;21,86;3,26;
11,10;29,20;18,10;
14,20;22,17;7,97;
15,80;23,48;7,68;
21,90;30,30;8,40;
16,70;30,83;14,13;
31,40;51,75;20,35;
31,10;40,81;9,71;
36,00;33,03;-2,97;
26,60;31,17;4,57;
40,40;46,78;6,38;
26,70;24,25;-2,45;
20,80;21,23;0,43;
30,70;22,81;-7,89;
21,70;20,08;-1,62;
24,50;19,72;-4,78;
45,30;45,75;0,45;
60,00;58,16;-1,84;
27,20;34,03;6,83;
59,20;48,81;-10,39;
23,80;32,53;8,73;
34,40;22,66;-11,74;
19,10;21,30;2,20;
31,10;34,44;3,34;
46,90;38,13;-8,78;
47,00;49,91;2,91;
31,70;36,34;4,64;
24,60;23,47;-1,13;
21,80;25,88;4,08;
18,20;17,84;-0,36;
38,40;42,31;3,91;
59,70;35,31;-24,39;
23,70;28,55;4,85;
16,50;30,38;13,88;
51,30;32,63;-18,67;
29,90;22,88;-7,02;
37,70;29,17;-8,53;
44,70;38,28;-6,42;
41,90;33,59;-8,31;
37,50;47,22;9,72;
19,60;29,89;10,29;
13,10;16,58;3,48;
19,70;16,84;-2,86;
25,00;22,66;-2,34;
28,00;20,41;-7,59;
28,10;18,14;-9,96;
39,70;31,05;-8,65;
16,70;31,66;14,96;
36,60;25,09;-11,51;
57,90;39,50;-18,40;
20,90;30,20;9,30;
22,80;23,05;0,25;
24,70;8,84;-15,86;
29,40;24,50;-4,90;
45,70;50,19;4,49;
21,70;21,19;-0,51;
58,20;41,34;-16,86;
48,80;26,48;-22,32;
28,60;27,63;-0,98;
34,70;24,17;-10,53;
36,80;43,44;6,64;
12,00;15,91;3,91;
23,90;26,11;2,21;
13,90;16,20;2,30;
22,00;16,44;-5,56;
24,90;21,73;-3,17;
16,30;19,70;3,40;
24,40;24,95;0,55;
29,90;14,76;-15,14;
20,80;28,19;7,39;
43,70;34,47;-9,23;
13,30;18,31;5,01;
27,40;22,47;-4,93;
18,90;16,00;-2,90;
23,90;22,13;-1,77;
25,80;23,25;-2,55;
16,30;21,84;5,54;
32,30;25,31;-6,99;
18,90;24,09;5,19;
41,50;40,94;-0,56;
12,10;21,30;9,20;
35,60;21,78;-13,82;
30,60;30,03;-0,57;
