{
    "Decon-NoSpl-CV_4_2-NoAug-PP_22_61704-31441_CV": {
        "model": "Decon-NoSpl-CV_4_2-NoAug-PP_22_61704-31441",
        "dataset": "Raisin_Tavernier_830_GFratio",
        "seed": "31441",
        "targetRMSE": "Unknown",
        "RMSE": "0.17855504",
        "MAPE": "0.058813386",
        "R2": "0.8519002024337633",
        "MAE": "0.0858392",
        "MSE": "0.031881902",
        "MedAE": "0.04588163",
        "EVS": "0.8530236482620239",
        "run": "2023-01-13  12:12:02",
        "path": "data/regression\\Raisin_Tavernier_830_GFratio"
    },
    "Decon-NoSpl-CV_4_2-Fold_2(8)-NoAug-PP_22_61704-31441_23-01-13_11-50-42": {
        "model": "Decon-NoSpl-CV_4_2-Fold_2(8)-NoAug-PP_22_61704-31441_23-01-13_11-50-42",
        "dataset": "Raisin_Tavernier_830_GFratio",
        "seed": "31441",
        "targetRMSE": "Unknown",
        "RMSE": "0.18122394",
        "MAPE": "0.067154706",
        "R2": "0.8474397360421609",
        "MAE": "0.094028614",
        "MSE": "0.03284212",
        "MedAE": "0.051944613",
        "EVS": "0.8496212959289551",
        "run": "2023-01-13  11:52:56",
        "path": "data/regression\\Raisin_Tavernier_830_GFratio",
        "training_time": "00:02:13"
    },
    "Decon-NoSpl-NoCV-Fold_1(1)-NoAug-PP_22_89796-31441_23-01-13_10-41-13": {
        "model": "Decon-NoSpl-NoCV-Fold_1(1)-NoAug-PP_22_89796-31441_23-01-13_10-41-13",
        "dataset": "Raisin_Tavernier_830_GFratio",
        "seed": "31441",
        "targetRMSE": "Unknown",
        "RMSE": "0.18173756",
        "MAPE": "0.05888916",
        "R2": "0.8465737615042781",
        "MAE": "0.09006388",
        "MSE": "0.03302854",
        "MedAE": "0.045210242",
        "EVS": "0.8468055725097656",
        "run": "2023-01-13  10:46:06",
        "training_time": "00:04:52"
    },
    "Decon-NoSpl-CV_4_2-Fold_8(8)-NoAug-PP_22_61704-31441_23-01-13_12-08-35": {
        "model": "Decon-NoSpl-CV_4_2-Fold_8(8)-NoAug-PP_22_61704-31441_23-01-13_12-08-35",
        "dataset": "Raisin_Tavernier_830_GFratio",
        "seed": "31441",
        "targetRMSE": "Unknown",
        "RMSE": "0.18560965",
        "MAPE": "0.075738706",
        "R2": "0.8399663646382991",
        "MAE": "0.10970376",
        "MSE": "0.03445094",
        "MedAE": "0.06259537",
        "EVS": "0.8421628475189209",
        "run": "2023-01-13  12:12:02",
        "path": "data/regression\\Raisin_Tavernier_830_GFratio",
        "training_time": "00:03:26"
    },
    "Decon-NoSpl-CV_4_2-Fold_7(8)-NoAug-PP_22_61704-31441_23-01-13_12-06-16": {
        "model": "Decon-NoSpl-CV_4_2-Fold_7(8)-NoAug-PP_22_61704-31441_23-01-13_12-06-16",
        "dataset": "Raisin_Tavernier_830_GFratio",
        "seed": "31441",
        "targetRMSE": "Unknown",
        "RMSE": "0.19464447",
        "MAPE": "0.06844035",
        "R2": "0.8240074226565917",
        "MAE": "0.10330984",
        "MSE": "0.037886467",
        "MedAE": "0.054787517",
        "EVS": "0.8242945671081543",
        "run": "2023-01-13  12:08:35",
        "path": "data/regression\\Raisin_Tavernier_830_GFratio",
        "training_time": "00:02:19"
    },
    "Decon-NoSpl-CV_4_2-Fold_3(8)-NoAug-PP_22_61704-31441_23-01-13_11-52-56": {
        "model": "Decon-NoSpl-CV_4_2-Fold_3(8)-NoAug-PP_22_61704-31441_23-01-13_11-52-56",
        "dataset": "Raisin_Tavernier_830_GFratio",
        "seed": "31441",
        "targetRMSE": "Unknown",
        "RMSE": "0.20856327",
        "MAPE": "0.07980129",
        "R2": "0.7979374096719638",
        "MAE": "0.11205369",
        "MSE": "0.04349864",
        "MedAE": "0.07393336",
        "EVS": "0.8036537766456604",
        "run": "2023-01-13  11:56:20",
        "path": "data/regression\\Raisin_Tavernier_830_GFratio",
        "training_time": "00:03:23"
    },
    "Decon-NoSpl-CV_4_2-Fold_4(8)-NoAug-PP_22_61704-31441_23-01-13_11-56-20": {
        "model": "Decon-NoSpl-CV_4_2-Fold_4(8)-NoAug-PP_22_61704-31441_23-01-13_11-56-20",
        "dataset": "Raisin_Tavernier_830_GFratio",
        "seed": "31441",
        "targetRMSE": "Unknown",
        "RMSE": "0.22423002",
        "MAPE": "0.074835174",
        "R2": "0.7664403819128669",
        "MAE": "0.108532794",
        "MSE": "0.050279103",
        "MedAE": "0.05861056",
        "EVS": "0.7708191275596619",
        "run": "2023-01-13  11:59:54",
        "path": "data/regression\\Raisin_Tavernier_830_GFratio",
        "training_time": "00:03:33"
    },
    "Decon-NoSpl-CV_4_2-Fold_5(8)-NoAug-PP_22_61704-31441_23-01-13_11-59-54": {
        "model": "Decon-NoSpl-CV_4_2-Fold_5(8)-NoAug-PP_22_61704-31441_23-01-13_11-59-54",
        "dataset": "Raisin_Tavernier_830_GFratio",
        "seed": "31441",
        "targetRMSE": "Unknown",
        "RMSE": "0.23343766",
        "MAPE": "0.07643902",
        "R2": "0.7468650639996662",
        "MAE": "0.109501876",
        "MSE": "0.054493137",
        "MedAE": "0.055980682",
        "EVS": "0.7530707716941833",
        "run": "2023-01-13  12:02:57",
        "path": "data/regression\\Raisin_Tavernier_830_GFratio",
        "training_time": "00:03:02"
    },
    "Decon-NoSpl-CV_4_2-Fold_1(8)-NoAug-PP_22_61704-31441_23-01-13_11-45-23": {
        "model": "Decon-NoSpl-CV_4_2-Fold_1(8)-NoAug-PP_22_61704-31441_23-01-13_11-45-23",
        "dataset": "Raisin_Tavernier_830_GFratio",
        "seed": "31441",
        "targetRMSE": "Unknown",
        "RMSE": "0.24422157",
        "MAPE": "0.075716875",
        "R2": "0.7229371263721145",
        "MAE": "0.11404553",
        "MSE": "0.059644178",
        "MedAE": "0.058928847",
        "EVS": "0.7283067107200623",
        "run": "2023-01-13  11:50:42",
        "path": "data/regression\\Raisin_Tavernier_830_GFratio",
        "training_time": "00:05:19"
    },
    "Decon-NoSpl-CV_4_2-Fold_6(8)-NoAug-PP_22_61704-31441_23-01-13_12-02-57": {
        "model": "Decon-NoSpl-CV_4_2-Fold_6(8)-NoAug-PP_22_61704-31441_23-01-13_12-02-57",
        "dataset": "Raisin_Tavernier_830_GFratio",
        "seed": "31441",
        "targetRMSE": "Unknown",
        "RMSE": "0.24853219",
        "MAPE": "0.118310824",
        "R2": "0.7130702620804008",
        "MAE": "0.16041397",
        "MSE": "0.06176825",
        "MedAE": "0.118665576",
        "EVS": "0.7442704439163208",
        "run": "2023-01-13  12:06:16",
        "path": "data/regression\\Raisin_Tavernier_830_GFratio",
        "training_time": "00:03:18"
    }
}