{
    "Decon-NoSpl-NoCV-Fold_1(1)-NoAug-PP_22_89796-31441_23-01-13_10-49-37": {
        "model": "Decon-NoSpl-NoCV-Fold_1(1)-NoAug-PP_22_89796-31441_23-01-13_10-49-37",
        "dataset": "Raisin_Tavernier_830_Glucose",
        "seed": "31441",
        "targetRMSE": "Unknown",
        "RMSE": "124.7542",
        "MAPE": "0.2599132",
        "R2": "0.7141371333868698",
        "MAE": "97.99198",
        "MSE": "15563.612",
        "MedAE": "77.96478",
        "EVS": "0.7141543626785278",
        "run": "2023-01-13  10:54:12",
        "training_time": "00:04:35"
    },
    "Decon-NoSpl-CV_4_2-NoAug-PP_22_61704-31441_CV": {
        "model": "Decon-NoSpl-CV_4_2-NoAug-PP_22_61704-31441",
        "dataset": "Raisin_Tavernier_830_Glucose",
        "seed": "31441",
        "targetRMSE": "Unknown",
        "RMSE": "126.38432",
        "MAPE": "0.2525971",
        "R2": "0.7066177980156992",
        "MAE": "95.366585",
        "MSE": "15972.997",
        "MedAE": "76.48508",
        "EVS": "0.7111185789108276",
        "run": "2023-01-13  13:03:22",
        "path": "data/regression\\Raisin_Tavernier_830_Glucose"
    },
    "Decon-NoSpl-CV_4_2-Fold_2(8)-NoAug-PP_22_61704-31441_23-01-13_12-40-18": {
        "model": "Decon-NoSpl-CV_4_2-Fold_2(8)-NoAug-PP_22_61704-31441_23-01-13_12-40-18",
        "dataset": "Raisin_Tavernier_830_Glucose",
        "seed": "31441",
        "targetRMSE": "Unknown",
        "RMSE": "132.1187",
        "MAPE": "0.25323573",
        "R2": "0.6793908324184029",
        "MAE": "96.88098",
        "MSE": "17455.352",
        "MedAE": "68.338135",
        "EVS": "0.6801354885101318",
        "run": "2023-01-13  12:43:44",
        "path": "data/regression\\Raisin_Tavernier_830_Glucose",
        "training_time": "00:03:25"
    },
    "Decon-NoSpl-CV_4_2-Fold_4(8)-NoAug-PP_22_61704-31441_23-01-13_12-46-42": {
        "model": "Decon-NoSpl-CV_4_2-Fold_4(8)-NoAug-PP_22_61704-31441_23-01-13_12-46-42",
        "dataset": "Raisin_Tavernier_830_Glucose",
        "seed": "31441",
        "targetRMSE": "Unknown",
        "RMSE": "134.32507",
        "MAPE": "0.27985373",
        "R2": "0.6685931233210254",
        "MAE": "103.74214",
        "MSE": "18043.227",
        "MedAE": "84.06149",
        "EVS": "0.6735553741455078",
        "run": "2023-01-13  12:51:31",
        "path": "data/regression\\Raisin_Tavernier_830_Glucose",
        "training_time": "00:04:49"
    },
    "Decon-NoSpl-CV_4_2-Fold_3(8)-NoAug-PP_22_61704-31441_23-01-13_12-43-44": {
        "model": "Decon-NoSpl-CV_4_2-Fold_3(8)-NoAug-PP_22_61704-31441_23-01-13_12-43-44",
        "dataset": "Raisin_Tavernier_830_Glucose",
        "seed": "31441",
        "targetRMSE": "Unknown",
        "RMSE": "134.5427",
        "MAPE": "0.27035692",
        "R2": "0.667518404243125",
        "MAE": "103.17361",
        "MSE": "18101.736",
        "MedAE": "80.51807",
        "EVS": "0.6681210994720459",
        "run": "2023-01-13  12:46:41",
        "path": "data/regression\\Raisin_Tavernier_830_Glucose",
        "training_time": "00:02:57"
    },
    "Decon-NoSpl-CV_4_2-Fold_6(8)-NoAug-PP_22_61704-31441_23-01-13_12-55-38": {
        "model": "Decon-NoSpl-CV_4_2-Fold_6(8)-NoAug-PP_22_61704-31441_23-01-13_12-55-38",
        "dataset": "Raisin_Tavernier_830_Glucose",
        "seed": "31441",
        "targetRMSE": "Unknown",
        "RMSE": "134.88026",
        "MAPE": "0.24377194",
        "R2": "0.6658478778834547",
        "MAE": "100.06385",
        "MSE": "18192.688",
        "MedAE": "72.56198",
        "EVS": "0.6750560402870178",
        "run": "2023-01-13  12:57:59",
        "path": "data/regression\\Raisin_Tavernier_830_Glucose",
        "training_time": "00:02:20"
    },
    "Decon-NoSpl-CV_4_2-Fold_5(8)-NoAug-PP_22_61704-31441_23-01-13_12-51-31": {
        "model": "Decon-NoSpl-CV_4_2-Fold_5(8)-NoAug-PP_22_61704-31441_23-01-13_12-51-31",
        "dataset": "Raisin_Tavernier_830_Glucose",
        "seed": "31441",
        "targetRMSE": "Unknown",
        "RMSE": "138.56909",
        "MAPE": "0.27826977",
        "R2": "0.6473205833004219",
        "MAE": "108.563255",
        "MSE": "19201.395",
        "MedAE": "87.98508",
        "EVS": "0.6537681818008423",
        "run": "2023-01-13  12:55:38",
        "path": "data/regression\\Raisin_Tavernier_830_Glucose",
        "training_time": "00:04:07"
    },
    "Decon-NoSpl-CV_4_2-Fold_7(8)-NoAug-PP_22_61704-31441_23-01-13_12-57-59": {
        "model": "Decon-NoSpl-CV_4_2-Fold_7(8)-NoAug-PP_22_61704-31441_23-01-13_12-57-59",
        "dataset": "Raisin_Tavernier_830_Glucose",
        "seed": "31441",
        "targetRMSE": "Unknown",
        "RMSE": "142.59367",
        "MAPE": "0.30408514",
        "R2": "0.6265367666848265",
        "MAE": "109.4169",
        "MSE": "20332.955",
        "MedAE": "84.34656",
        "EVS": "0.6342312693595886",
        "run": "2023-01-13  13:00:26",
        "path": "data/regression\\Raisin_Tavernier_830_Glucose",
        "training_time": "00:02:26"
    },
    "Decon-NoSpl-CV_4_2-Fold_1(8)-NoAug-PP_22_61704-31441_23-01-13_12-36-47": {
        "model": "Decon-NoSpl-CV_4_2-Fold_1(8)-NoAug-PP_22_61704-31441_23-01-13_12-36-47",
        "dataset": "Raisin_Tavernier_830_Glucose",
        "seed": "31441",
        "targetRMSE": "Unknown",
        "RMSE": "148.60033",
        "MAPE": "0.28641552",
        "R2": "0.594410332898905",
        "MAE": "110.62672",
        "MSE": "22082.057",
        "MedAE": "84.901184",
        "EVS": "0.6118040084838867",
        "run": "2023-01-13  12:40:18",
        "path": "data/regression\\Raisin_Tavernier_830_Glucose",
        "training_time": "00:03:30"
    },
    "Decon-NoSpl-CV_4_2-Fold_8(8)-NoAug-PP_22_61704-31441_23-01-13_13-00-26": {
        "model": "Decon-NoSpl-CV_4_2-Fold_8(8)-NoAug-PP_22_61704-31441_23-01-13_13-00-26",
        "dataset": "Raisin_Tavernier_830_Glucose",
        "seed": "31441",
        "targetRMSE": "Unknown",
        "RMSE": "152.0241",
        "MAPE": "0.3225739",
        "R2": "0.575505398936464",
        "MAE": "117.06999",
        "MSE": "23111.324",
        "MedAE": "95.62927",
        "EVS": "0.5758752822875977",
        "run": "2023-01-13  13:03:22",
        "path": "data/regression\\Raisin_Tavernier_830_Glucose",
        "training_time": "00:02:55"
    }
}