{
    "Decon-NoSpl-CV_4_2-NoAug-PP_22_-6523-31441_CV": {
        "model": "Decon-NoSpl-CV_4_2-NoAug-PP_22_-6523-31441",
        "dataset": "Raisin_Tavernier_830_PoidsBaie",
        "seed": "31441",
        "targetRMSE": "Unknown",
        "RMSE": "0.3119916",
        "MAPE": "0.19011801",
        "R2": "0.43230102000037984",
        "MAE": "0.2399064",
        "MSE": "0.097338766",
        "MedAE": "0.19749999",
        "EVS": "0.4323250651359558",
        "run": "2023-01-13  16:37:20",
        "path": "data/regression\\Raisin_Tavernier_830_PoidsBaie"
    },
    "Decon-NoSpl-CV_4_2-Fold_2(8)-NoAug-PP_22_-6523-31441_23-01-13_15-52-59": {
        "model": "Decon-NoSpl-CV_4_2-Fold_2(8)-NoAug-PP_22_-6523-31441_23-01-13_15-52-59",
        "dataset": "Raisin_Tavernier_830_PoidsBaie",
        "seed": "31441",
        "targetRMSE": "Unknown",
        "RMSE": "0.31222108",
        "MAPE": "0.18678033",
        "R2": "0.43146565672596104",
        "MAE": "0.24463724",
        "MSE": "0.097481996",
        "MedAE": "0.20132816",
        "EVS": "0.44177669286727905",
        "run": "2023-01-13  16:09:49",
        "path": "data/regression\\Raisin_Tavernier_830_PoidsBaie",
        "training_time": "00:16:49"
    },
    "Decon-NoSpl-NoCV-Fold_1(1)-NoAug-PP_22_89796-31441_23-01-13_11-02-41": {
        "model": "Decon-NoSpl-NoCV-Fold_1(1)-NoAug-PP_22_89796-31441_23-01-13_11-02-41",
        "dataset": "Raisin_Tavernier_830_PoidsBaie",
        "seed": "31441",
        "targetRMSE": "Unknown",
        "RMSE": "0.3223878",
        "MAPE": "0.20117724",
        "R2": "0.3938369127870257",
        "MAE": "0.25261295",
        "MSE": "0.1039339",
        "MedAE": "0.19629061",
        "EVS": "0.39872658252716064",
        "run": "2023-01-13  11:06:22",
        "training_time": "00:03:41"
    },
    "Decon-NoSpl-CV_4_2-Fold_5(8)-NoAug-PP_22_-6523-31441_23-01-13_16-21-18": {
        "model": "Decon-NoSpl-CV_4_2-Fold_5(8)-NoAug-PP_22_-6523-31441_23-01-13_16-21-18",
        "dataset": "Raisin_Tavernier_830_PoidsBaie",
        "seed": "31441",
        "targetRMSE": "Unknown",
        "RMSE": "0.32436895",
        "MAPE": "0.19795433",
        "R2": "0.38636401264638776",
        "MAE": "0.25211132",
        "MSE": "0.105215214",
        "MedAE": "0.20645308",
        "EVS": "0.38828784227371216",
        "run": "2023-01-13  16:25:26",
        "path": "data/regression\\Raisin_Tavernier_830_PoidsBaie",
        "training_time": "00:04:07"
    },
    "Decon-NoSpl-CV_4_2-Fold_6(8)-NoAug-PP_22_-6523-31441_23-01-13_16-25-26": {
        "model": "Decon-NoSpl-CV_4_2-Fold_6(8)-NoAug-PP_22_-6523-31441_23-01-13_16-25-26",
        "dataset": "Raisin_Tavernier_830_PoidsBaie",
        "seed": "31441",
        "targetRMSE": "Unknown",
        "RMSE": "0.33965933",
        "MAPE": "0.21437725",
        "R2": "0.3271482502901373",
        "MAE": "0.26967204",
        "MSE": "0.11536847",
        "MedAE": "0.22831249",
        "EVS": "0.32933372259140015",
        "run": "2023-01-13  16:29:26",
        "path": "data/regression\\Raisin_Tavernier_830_PoidsBaie",
        "training_time": "00:04:00"
    },
    "Decon-NoSpl-CV_4_2-Fold_3(8)-NoAug-PP_22_-6523-31441_23-01-13_16-09-49": {
        "model": "Decon-NoSpl-CV_4_2-Fold_3(8)-NoAug-PP_22_-6523-31441_23-01-13_16-09-49",
        "dataset": "Raisin_Tavernier_830_PoidsBaie",
        "seed": "31441",
        "targetRMSE": "Unknown",
        "RMSE": "0.35048404",
        "MAPE": "0.1941742",
        "R2": "0.28357817525166396",
        "MAE": "0.2603594",
        "MSE": "0.12283906",
        "MedAE": "0.20605469",
        "EVS": "0.3086399435997009",
        "run": "2023-01-13  16:12:32",
        "path": "data/regression\\Raisin_Tavernier_830_PoidsBaie",
        "training_time": "00:02:43"
    },
    "Decon-NoSpl-CV_4_2-Fold_1(8)-NoAug-PP_22_-6523-31441_23-01-13_15-37-39": {
        "model": "Decon-NoSpl-CV_4_2-Fold_1(8)-NoAug-PP_22_-6523-31441_23-01-13_15-37-39",
        "dataset": "Raisin_Tavernier_830_PoidsBaie",
        "seed": "31441",
        "targetRMSE": "Unknown",
        "RMSE": "0.35940662",
        "MAPE": "0.19543827",
        "R2": "0.2466367899877696",
        "MAE": "0.2572936",
        "MSE": "0.12917311",
        "MedAE": "0.1980313",
        "EVS": "0.2519448399543762",
        "run": "2023-01-13  15:52:59",
        "path": "data/regression\\Raisin_Tavernier_830_PoidsBaie",
        "training_time": "00:15:19"
    },
    "Decon-NoSpl-CV_4_2-Fold_8(8)-NoAug-PP_22_-6523-31441_23-01-13_16-33-34": {
        "model": "Decon-NoSpl-CV_4_2-Fold_8(8)-NoAug-PP_22_-6523-31441_23-01-13_16-33-34",
        "dataset": "Raisin_Tavernier_830_PoidsBaie",
        "seed": "31441",
        "targetRMSE": "Unknown",
        "RMSE": "0.36150444",
        "MAPE": "0.22308652",
        "R2": "0.237816464170992",
        "MAE": "0.28736296",
        "MSE": "0.13068546",
        "MedAE": "0.23510933",
        "EVS": "0.2428167462348938",
        "run": "2023-01-13  16:37:20",
        "path": "data/regression\\Raisin_Tavernier_830_PoidsBaie",
        "training_time": "00:03:45"
    },
    "Decon-NoSpl-CV_4_2-Fold_7(8)-NoAug-PP_22_-6523-31441_23-01-13_16-29-26": {
        "model": "Decon-NoSpl-CV_4_2-Fold_7(8)-NoAug-PP_22_-6523-31441_23-01-13_16-29-26",
        "dataset": "Raisin_Tavernier_830_PoidsBaie",
        "seed": "31441",
        "targetRMSE": "Unknown",
        "RMSE": "0.367595",
        "MAPE": "0.25465357",
        "R2": "0.21191785113930817",
        "MAE": "0.29612264",
        "MSE": "0.13512608",
        "MedAE": "0.2496047",
        "EVS": "0.2966947555541992",
        "run": "2023-01-13  16:33:34",
        "path": "data/regression\\Raisin_Tavernier_830_PoidsBaie",
        "training_time": "00:04:07"
    },
    "Decon-NoSpl-CV_4_2-Fold_4(8)-NoAug-PP_22_-6523-31441_23-01-13_16-12-32": {
        "model": "Decon-NoSpl-CV_4_2-Fold_4(8)-NoAug-PP_22_-6523-31441_23-01-13_16-12-32",
        "dataset": "Raisin_Tavernier_830_PoidsBaie",
        "seed": "31441",
        "targetRMSE": "Unknown",
        "RMSE": "0.37026894",
        "MAPE": "0.2256697",
        "R2": "0.200410940786925",
        "MAE": "0.2852063",
        "MSE": "0.13709909",
        "MedAE": "0.24783593",
        "EVS": "0.20422041416168213",
        "run": "2023-01-13  16:21:18",
        "path": "data/regression\\Raisin_Tavernier_830_PoidsBaie",
        "training_time": "00:08:45"
    }
}