{
    "Decon-NoSpl-NoCV-Fold_1(1)-NoAug-PP_22_89796-31441_23-01-13_11-06-22": {
        "model": "Decon-NoSpl-NoCV-Fold_1(1)-NoAug-PP_22_89796-31441_23-01-13_11-06-22",
        "dataset": "Raisin_Tavernier_830_Shikimate",
        "seed": "31441",
        "targetRMSE": "Unknown",
        "RMSE": "331.014",
        "MAPE": "2.6816889e+16",
        "R2": "0.4968395651347315",
        "MAE": "241.12299",
        "MSE": "109570.28",
        "MedAE": "168.19556",
        "EVS": "0.4968695640563965",
        "run": "2023-01-13  11:11:04",
        "training_time": "00:04:41"
    },
    "Decon-NoSpl-CV_4_2-NoAug-PP_22_-6523-31441_CV": {
        "model": "Decon-NoSpl-CV_4_2-NoAug-PP_22_-6523-31441",
        "dataset": "Raisin_Tavernier_830_Shikimate",
        "seed": "31441",
        "targetRMSE": "Unknown",
        "RMSE": "338.59647",
        "MAPE": "4.342562e+16",
        "R2": "0.4735240108887747",
        "MAE": "260.40042",
        "MSE": "114647.56",
        "MedAE": "198.34534",
        "EVS": "0.5002621412277222",
        "run": "2023-01-13  17:21:16",
        "path": "data/regression\\Raisin_Tavernier_830_Shikimate"
    },
    "Decon-NoSpl-CV_4_2-Fold_7(8)-NoAug-PP_22_-6523-31441_23-01-13_17-06-45": {
        "model": "Decon-NoSpl-CV_4_2-Fold_7(8)-NoAug-PP_22_-6523-31441_23-01-13_17-06-45",
        "dataset": "Raisin_Tavernier_830_Shikimate",
        "seed": "31441",
        "targetRMSE": "Unknown",
        "RMSE": "362.13974",
        "MAPE": "2.82635e+16",
        "R2": "0.39776487533952243",
        "MAE": "271.04123",
        "MSE": "131145.19",
        "MedAE": "216.76837",
        "EVS": "0.3983275294303894",
        "run": "2023-01-13  17:13:30",
        "path": "data/regression\\Raisin_Tavernier_830_Shikimate",
        "training_time": "00:06:44"
    },
    "Decon-NoSpl-CV_4_2-Fold_1(8)-NoAug-PP_22_-6523-31441_23-01-13_16-37-20": {
        "model": "Decon-NoSpl-CV_4_2-Fold_1(8)-NoAug-PP_22_-6523-31441_23-01-13_16-37-20",
        "dataset": "Raisin_Tavernier_830_Shikimate",
        "seed": "31441",
        "targetRMSE": "Unknown",
        "RMSE": "379.08374",
        "MAPE": "6.015717e+16",
        "R2": "0.34009103552450837",
        "MAE": "281.75558",
        "MSE": "143704.48",
        "MedAE": "203.71419",
        "EVS": "0.347217321395874",
        "run": "2023-01-13  16:41:26",
        "path": "data/regression\\Raisin_Tavernier_830_Shikimate",
        "training_time": "00:04:05"
    },
    "Decon-NoSpl-CV_4_2-Fold_3(8)-NoAug-PP_22_-6523-31441_23-01-13_16-44-26": {
        "model": "Decon-NoSpl-CV_4_2-Fold_3(8)-NoAug-PP_22_-6523-31441_23-01-13_16-44-26",
        "dataset": "Raisin_Tavernier_830_Shikimate",
        "seed": "31441",
        "targetRMSE": "Unknown",
        "RMSE": "380.56583",
        "MAPE": "4.228607e+16",
        "R2": "0.33492086725103176",
        "MAE": "284.76428",
        "MSE": "144830.36",
        "MedAE": "186.05124",
        "EVS": "0.35288894176483154",
        "run": "2023-01-13  16:48:37",
        "path": "data/regression\\Raisin_Tavernier_830_Shikimate",
        "training_time": "00:04:11"
    },
    "Decon-NoSpl-CV_4_2-Fold_2(8)-NoAug-PP_22_-6523-31441_23-01-13_16-41-26": {
        "model": "Decon-NoSpl-CV_4_2-Fold_2(8)-NoAug-PP_22_-6523-31441_23-01-13_16-41-26",
        "dataset": "Raisin_Tavernier_830_Shikimate",
        "seed": "31441",
        "targetRMSE": "Unknown",
        "RMSE": "388.77692",
        "MAPE": "5.57764e+16",
        "R2": "0.3059117494398417",
        "MAE": "278.89587",
        "MSE": "151147.5",
        "MedAE": "186.43552",
        "EVS": "0.3098934292793274",
        "run": "2023-01-13  16:44:25",
        "path": "data/regression\\Raisin_Tavernier_830_Shikimate",
        "training_time": "00:02:59"
    },
    "Decon-NoSpl-CV_4_2-Fold_5(8)-NoAug-PP_22_-6523-31441_23-01-13_16-55-49": {
        "model": "Decon-NoSpl-CV_4_2-Fold_5(8)-NoAug-PP_22_-6523-31441_23-01-13_16-55-49",
        "dataset": "Raisin_Tavernier_830_Shikimate",
        "seed": "31441",
        "targetRMSE": "Unknown",
        "RMSE": "391.77246",
        "MAPE": "3.9890973e+16",
        "R2": "0.29517471701661413",
        "MAE": "288.21912",
        "MSE": "153485.66",
        "MedAE": "203.03163",
        "EVS": "0.31311845779418945",
        "run": "2023-01-13  17:02:17",
        "path": "data/regression\\Raisin_Tavernier_830_Shikimate",
        "training_time": "00:06:28"
    },
    "Decon-NoSpl-CV_4_2-Fold_8(8)-NoAug-PP_22_-6523-31441_23-01-13_17-13-30": {
        "model": "Decon-NoSpl-CV_4_2-Fold_8(8)-NoAug-PP_22_-6523-31441_23-01-13_17-13-30",
        "dataset": "Raisin_Tavernier_830_Shikimate",
        "seed": "31441",
        "targetRMSE": "Unknown",
        "RMSE": "422.318",
        "MAPE": "5.3661072e+16",
        "R2": "0.18098302757140905",
        "MAE": "332.21808",
        "MSE": "178352.5",
        "MedAE": "294.81567",
        "EVS": "0.27303141355514526",
        "run": "2023-01-13  17:21:16",
        "path": "data/regression\\Raisin_Tavernier_830_Shikimate",
        "training_time": "00:07:46"
    },
    "Decon-NoSpl-CV_4_2-Fold_6(8)-NoAug-PP_22_-6523-31441_23-01-13_17-02-18": {
        "model": "Decon-NoSpl-CV_4_2-Fold_6(8)-NoAug-PP_22_-6523-31441_23-01-13_17-02-18",
        "dataset": "Raisin_Tavernier_830_Shikimate",
        "seed": "31441",
        "targetRMSE": "Unknown",
        "RMSE": "446.1966",
        "MAPE": "2.8113378e+16",
        "R2": "0.08574737233715723",
        "MAE": "334.09253",
        "MSE": "199091.39",
        "MedAE": "230.37862",
        "EVS": "0.09455478191375732",
        "run": "2023-01-13  17:06:45",
        "path": "data/regression\\Raisin_Tavernier_830_Shikimate",
        "training_time": "00:04:27"
    },
    "Decon-NoSpl-CV_4_2-Fold_4(8)-NoAug-PP_22_-6523-31441_23-01-13_16-48-37": {
        "model": "Decon-NoSpl-CV_4_2-Fold_4(8)-NoAug-PP_22_-6523-31441_23-01-13_16-48-37",
        "dataset": "Raisin_Tavernier_830_Shikimate",
        "seed": "31441",
        "targetRMSE": "Unknown",
        "RMSE": "468.6154",
        "MAPE": "3.9386027e+16",
        "R2": "-0.008432518430285585",
        "MAE": "345.18167",
        "MSE": "219600.39",
        "MedAE": "253.00049",
        "EVS": "0.21425563097000122",
        "run": "2023-01-13  16:55:48",
        "path": "data/regression\\Raisin_Tavernier_830_Shikimate",
        "training_time": "00:07:11"
    }
}