{
    "Decon-NoSpl-NoCV-Fold_1(1)-NoAug-PP_22_89796-31441_23-01-13_11-11-04": {
        "model": "Decon-NoSpl-NoCV-Fold_1(1)-NoAug-PP_22_89796-31441_23-01-13_11-11-04",
        "dataset": "Raisin_Tavernier_830_Tartrate",
        "seed": "31441",
        "targetRMSE": "Unknown",
        "RMSE": "30.972761",
        "MAPE": "0.1720487",
        "R2": "0.2264856134432408",
        "MAE": "24.113873",
        "MSE": "959.31195",
        "MedAE": "21.165237",
        "EVS": "0.25473248958587646",
        "run": "2023-01-13  11:13:55",
        "training_time": "00:02:50"
    },
    "Decon-NoSpl-CV_4_2-NoAug-PP_22_-6523-31441_CV": {
        "model": "Decon-NoSpl-CV_4_2-NoAug-PP_22_-6523-31441",
        "dataset": "Raisin_Tavernier_830_Tartrate",
        "seed": "31441",
        "targetRMSE": "Unknown",
        "RMSE": "31.134914",
        "MAPE": "0.17423806",
        "R2": "0.21836518847860642",
        "MAE": "25.039204",
        "MSE": "969.3829",
        "MedAE": "20.709587",
        "EVS": "0.2288009524345398",
        "run": "2023-01-13  18:13:33",
        "path": "data/regression\\Raisin_Tavernier_830_Tartrate"
    },
    "Decon-NoSpl-CV_4_2-Fold_3(8)-NoAug-PP_22_-6523-31441_23-01-13_17-39-53": {
        "model": "Decon-NoSpl-CV_4_2-Fold_3(8)-NoAug-PP_22_-6523-31441_23-01-13_17-39-53",
        "dataset": "Raisin_Tavernier_830_Tartrate",
        "seed": "31441",
        "targetRMSE": "Unknown",
        "RMSE": "31.908903",
        "MAPE": "0.17884943",
        "R2": "0.17902055989145715",
        "MAE": "25.393143",
        "MSE": "1018.17804",
        "MedAE": "21.078033",
        "EVS": "0.19600528478622437",
        "run": "2023-01-13  17:43:02",
        "path": "data/regression\\Raisin_Tavernier_830_Tartrate",
        "training_time": "00:03:08"
    },
    "Decon-NoSpl-CV_4_2-Fold_5(8)-NoAug-PP_22_-6523-31441_23-01-13_17-47-33": {
        "model": "Decon-NoSpl-CV_4_2-Fold_5(8)-NoAug-PP_22_-6523-31441_23-01-13_17-47-33",
        "dataset": "Raisin_Tavernier_830_Tartrate",
        "seed": "31441",
        "targetRMSE": "Unknown",
        "RMSE": "32.939182",
        "MAPE": "0.17325847",
        "R2": "0.12514874935437037",
        "MAE": "26.049822",
        "MSE": "1084.9897",
        "MedAE": "22.774094",
        "EVS": "0.146378755569458",
        "run": "2023-01-13  17:58:06",
        "path": "data/regression\\Raisin_Tavernier_830_Tartrate",
        "training_time": "00:10:32"
    },
    "Decon-NoSpl-CV_4_2-Fold_2(8)-NoAug-PP_22_-6523-31441_23-01-13_17-33-03": {
        "model": "Decon-NoSpl-CV_4_2-Fold_2(8)-NoAug-PP_22_-6523-31441_23-01-13_17-33-03",
        "dataset": "Raisin_Tavernier_830_Tartrate",
        "seed": "31441",
        "targetRMSE": "Unknown",
        "RMSE": "33.06108",
        "MAPE": "0.18628418",
        "R2": "0.11866167487776447",
        "MAE": "26.576551",
        "MSE": "1093.035",
        "MedAE": "21.301453",
        "EVS": "0.14440685510635376",
        "run": "2023-01-13  17:39:53",
        "path": "data/regression\\Raisin_Tavernier_830_Tartrate",
        "training_time": "00:06:49"
    },
    "Decon-NoSpl-CV_4_2-Fold_8(8)-NoAug-PP_22_-6523-31441_23-01-13_18-10-23": {
        "model": "Decon-NoSpl-CV_4_2-Fold_8(8)-NoAug-PP_22_-6523-31441_23-01-13_18-10-23",
        "dataset": "Raisin_Tavernier_830_Tartrate",
        "seed": "31441",
        "targetRMSE": "Unknown",
        "RMSE": "33.193592",
        "MAPE": "0.18365897",
        "R2": "0.11158263510660937",
        "MAE": "26.398825",
        "MSE": "1101.8146",
        "MedAE": "22.225449",
        "EVS": "0.13749033212661743",
        "run": "2023-01-13  18:13:33",
        "path": "data/regression\\Raisin_Tavernier_830_Tartrate",
        "training_time": "00:03:09"
    },
    "Decon-NoSpl-CV_4_2-Fold_1(8)-NoAug-PP_22_-6523-31441_23-01-13_17-21-16": {
        "model": "Decon-NoSpl-CV_4_2-Fold_1(8)-NoAug-PP_22_-6523-31441_23-01-13_17-21-16",
        "dataset": "Raisin_Tavernier_830_Tartrate",
        "seed": "31441",
        "targetRMSE": "Unknown",
        "RMSE": "33.272884",
        "MAPE": "0.17271663",
        "R2": "0.10733296399799475",
        "MAE": "26.011953",
        "MSE": "1107.0848",
        "MedAE": "21.206345",
        "EVS": "0.10775256156921387",
        "run": "2023-01-13  17:33:03",
        "path": "data/regression\\Raisin_Tavernier_830_Tartrate",
        "training_time": "00:11:46"
    },
    "Decon-NoSpl-CV_4_2-Fold_7(8)-NoAug-PP_22_-6523-31441_23-01-13_18-07-31": {
        "model": "Decon-NoSpl-CV_4_2-Fold_7(8)-NoAug-PP_22_-6523-31441_23-01-13_18-07-31",
        "dataset": "Raisin_Tavernier_830_Tartrate",
        "seed": "31441",
        "targetRMSE": "Unknown",
        "RMSE": "34.58328",
        "MAPE": "0.19087552",
        "R2": "0.035636307371435416",
        "MAE": "27.629131",
        "MSE": "1196.003",
        "MedAE": "24.893066",
        "EVS": "0.052175283432006836",
        "run": "2023-01-13  18:10:23",
        "path": "data/regression\\Raisin_Tavernier_830_Tartrate",
        "training_time": "00:02:51"
    },
    "Decon-NoSpl-CV_4_2-Fold_4(8)-NoAug-PP_22_-6523-31441_23-01-13_17-43-02": {
        "model": "Decon-NoSpl-CV_4_2-Fold_4(8)-NoAug-PP_22_-6523-31441_23-01-13_17-43-02",
        "dataset": "Raisin_Tavernier_830_Tartrate",
        "seed": "31441",
        "targetRMSE": "Unknown",
        "RMSE": "35.723385",
        "MAPE": "0.2018755",
        "R2": "-0.028996187242545934",
        "MAE": "29.042656",
        "MSE": "1276.1603",
        "MedAE": "25.963776",
        "EVS": "0.010306596755981445",
        "run": "2023-01-13  17:47:33",
        "path": "data/regression\\Raisin_Tavernier_830_Tartrate",
        "training_time": "00:04:30"
    },
    "Decon-NoSpl-CV_4_2-Fold_6(8)-NoAug-PP_22_-6523-31441_23-01-13_17-58-06": {
        "model": "Decon-NoSpl-CV_4_2-Fold_6(8)-NoAug-PP_22_-6523-31441_23-01-13_17-58-06",
        "dataset": "Raisin_Tavernier_830_Tartrate",
        "seed": "31441",
        "targetRMSE": "Unknown",
        "RMSE": "35.94157",
        "MAPE": "0.20264488",
        "R2": "-0.0416039802714947",
        "MAE": "28.785086",
        "MSE": "1291.7964",
        "MedAE": "23.306427",
        "EVS": "0.0005595684051513672",
        "run": "2023-01-13  18:07:31",
        "path": "data/regression\\Raisin_Tavernier_830_Tartrate",
        "training_time": "00:09:24"
    }
}