{
    "Decon-NoSpl-NoCV-Fold_1(1)-NoAug-PP_22_89796-31441_23-01-13_10-36-12": {
        "model": "Decon-NoSpl-NoCV-Fold_1(1)-NoAug-PP_22_89796-31441_23-01-13_10-36-12",
        "dataset": "Raisin_Tavernier_830_Fructose",
        "seed": "31441",
        "targetRMSE": "Unknown",
        "RMSE": "105.81984",
        "MAPE": "0.30224028",
        "R2": "0.7628502735846302",
        "MAE": "82.28494",
        "MSE": "11197.838",
        "MedAE": "64.05118",
        "EVS": "0.7639465928077698",
        "run": "2023-01-13  10:41:13",
        "training_time": "00:05:00"
    },
    "Decon-NoSpl-CV_4_2-NoAug-PP_22_61704-31441_CV": {
        "model": "Decon-NoSpl-CV_4_2-NoAug-PP_22_61704-31441",
        "dataset": "Raisin_Tavernier_830_Fructose",
        "seed": "31441",
        "targetRMSE": "Unknown",
        "RMSE": "110.14862",
        "MAPE": "0.29839274",
        "R2": "0.743051193056375",
        "MAE": "84.83543",
        "MSE": "12132.719",
        "MedAE": "73.24652",
        "EVS": "0.7513856887817383",
        "run": "2023-01-13  11:45:23",
        "path": "data/regression\\Raisin_Tavernier_830_Fructose"
    },
    "Decon-NoSpl-CV_4_2-Fold_7(8)-NoAug-PP_22_61704-31441_23-01-13_11-36-56": {
        "model": "Decon-NoSpl-CV_4_2-Fold_7(8)-NoAug-PP_22_61704-31441_23-01-13_11-36-56",
        "dataset": "Raisin_Tavernier_830_Fructose",
        "seed": "31441",
        "targetRMSE": "Unknown",
        "RMSE": "113.07098",
        "MAPE": "0.32844946",
        "R2": "0.7292361073789398",
        "MAE": "87.430466",
        "MSE": "12785.046",
        "MedAE": "70.60852",
        "EVS": "0.732611894607544",
        "run": "2023-01-13  11:42:12",
        "path": "data/regression\\Raisin_Tavernier_830_Fructose",
        "training_time": "00:05:16"
    },
    "Decon-NoSpl-CV_4_2-Fold_1(8)-NoAug-PP_22_61704-31441_23-01-13_11-15-02": {
        "model": "Decon-NoSpl-CV_4_2-Fold_1(8)-NoAug-PP_22_61704-31441_23-01-13_11-15-02",
        "dataset": "Raisin_Tavernier_830_Fructose",
        "seed": "31441",
        "targetRMSE": "Unknown",
        "RMSE": "114.30407",
        "MAPE": "0.32099965",
        "R2": "0.7232982457368344",
        "MAE": "89.45802",
        "MSE": "13065.421",
        "MedAE": "72.15146",
        "EVS": "0.7280197143554688",
        "run": "2023-01-13  11:18:03",
        "path": "data/regression\\Raisin_Tavernier_830_Fructose",
        "training_time": "00:03:00"
    },
    "Decon-NoSpl-CV_4_2-Fold_4(8)-NoAug-PP_22_61704-31441_23-01-13_11-24-08": {
        "model": "Decon-NoSpl-CV_4_2-Fold_4(8)-NoAug-PP_22_61704-31441_23-01-13_11-24-08",
        "dataset": "Raisin_Tavernier_830_Fructose",
        "seed": "31441",
        "targetRMSE": "Unknown",
        "RMSE": "115.86881",
        "MAPE": "0.2979599",
        "R2": "0.7156707180087081",
        "MAE": "86.20353",
        "MSE": "13425.582",
        "MedAE": "62.36444",
        "EVS": "0.7159850597381592",
        "run": "2023-01-13  11:26:54",
        "path": "data/regression\\Raisin_Tavernier_830_Fructose",
        "training_time": "00:02:46"
    },
    "Decon-NoSpl-CV_4_2-Fold_6(8)-NoAug-PP_22_61704-31441_23-01-13_11-31-25": {
        "model": "Decon-NoSpl-CV_4_2-Fold_6(8)-NoAug-PP_22_61704-31441_23-01-13_11-31-25",
        "dataset": "Raisin_Tavernier_830_Fructose",
        "seed": "31441",
        "targetRMSE": "Unknown",
        "RMSE": "119.339714",
        "MAPE": "0.27449757",
        "R2": "0.6983811973629095",
        "MAE": "88.68741",
        "MSE": "14241.967",
        "MedAE": "66.971436",
        "EVS": "0.7114344239234924",
        "run": "2023-01-13  11:36:56",
        "path": "data/regression\\Raisin_Tavernier_830_Fructose",
        "training_time": "00:05:30"
    },
    "Decon-NoSpl-CV_4_2-Fold_2(8)-NoAug-PP_22_61704-31441_23-01-13_11-18-03": {
        "model": "Decon-NoSpl-CV_4_2-Fold_2(8)-NoAug-PP_22_61704-31441_23-01-13_11-18-03",
        "dataset": "Raisin_Tavernier_830_Fructose",
        "seed": "31441",
        "targetRMSE": "Unknown",
        "RMSE": "121.777084",
        "MAPE": "0.3868985",
        "R2": "0.6859349131245086",
        "MAE": "96.79237",
        "MSE": "14829.659",
        "MedAE": "85.90573",
        "EVS": "0.6868001222610474",
        "run": "2023-01-13  11:20:25",
        "path": "data/regression\\Raisin_Tavernier_830_Fructose",
        "training_time": "00:02:22"
    },
    "Decon-NoSpl-CV_4_2-Fold_8(8)-NoAug-PP_22_61704-31441_23-01-13_11-42-12": {
        "model": "Decon-NoSpl-CV_4_2-Fold_8(8)-NoAug-PP_22_61704-31441_23-01-13_11-42-12",
        "dataset": "Raisin_Tavernier_830_Fructose",
        "seed": "31441",
        "targetRMSE": "Unknown",
        "RMSE": "123.49053",
        "MAPE": "0.43083182",
        "R2": "0.6770347271753658",
        "MAE": "95.825",
        "MSE": "15249.912",
        "MedAE": "75.43469",
        "EVS": "0.6906657218933105",
        "run": "2023-01-13  11:45:23",
        "path": "data/regression\\Raisin_Tavernier_830_Fructose",
        "training_time": "00:03:10"
    },
    "Decon-NoSpl-CV_4_2-Fold_5(8)-NoAug-PP_22_61704-31441_23-01-13_11-26-54": {
        "model": "Decon-NoSpl-CV_4_2-Fold_5(8)-NoAug-PP_22_61704-31441_23-01-13_11-26-54",
        "dataset": "Raisin_Tavernier_830_Fructose",
        "seed": "31441",
        "targetRMSE": "Unknown",
        "RMSE": "130.27003",
        "MAPE": "0.37689185",
        "R2": "0.6406004273533511",
        "MAE": "102.64962",
        "MSE": "16970.283",
        "MedAE": "72.364174",
        "EVS": "0.6434814929962158",
        "run": "2023-01-13  11:31:25",
        "path": "data/regression\\Raisin_Tavernier_830_Fructose",
        "training_time": "00:04:30"
    },
    "Decon-NoSpl-CV_4_2-Fold_3(8)-NoAug-PP_22_61704-31441_23-01-13_11-20-25": {
        "model": "Decon-NoSpl-CV_4_2-Fold_3(8)-NoAug-PP_22_61704-31441_23-01-13_11-20-25",
        "dataset": "Raisin_Tavernier_830_Fructose",
        "seed": "31441",
        "targetRMSE": "Unknown",
        "RMSE": "149.18976",
        "MAPE": "0.32783568",
        "R2": "0.5286250312047841",
        "MAE": "111.47898",
        "MSE": "22257.584",
        "MedAE": "83.29498",
        "EVS": "0.6024771928787231",
        "run": "2023-01-13  11:24:08",
        "path": "data/regression\\Raisin_Tavernier_830_Fructose",
        "training_time": "00:03:42"
    }
}