{
    "Decon-NoSpl-CV_4_2-NoAug-PP_22_61704-31441_CV": {
        "model": "Decon-NoSpl-CV_4_2-NoAug-PP_22_61704-31441",
        "dataset": "Raisin_Tavernier_830_GFsum",
        "seed": "31441",
        "targetRMSE": "Unknown",
        "RMSE": "239.86403",
        "MAPE": "0.24360484",
        "R2": "0.7154133515886074",
        "MAE": "180.96402",
        "MSE": "57534.75",
        "MedAE": "161.8529",
        "EVS": "0.7319425344467163",
        "run": "2023-01-13  12:36:47",
        "path": "data/regression\\Raisin_Tavernier_830_GFsum"
    },
    "Decon-NoSpl-NoCV-Fold_1(1)-NoAug-PP_22_89796-31441_23-01-13_10-46-06": {
        "model": "Decon-NoSpl-NoCV-Fold_1(1)-NoAug-PP_22_89796-31441_23-01-13_10-46-06",
        "dataset": "Raisin_Tavernier_830_GFsum",
        "seed": "31441",
        "targetRMSE": "Unknown",
        "RMSE": "242.23898",
        "MAPE": "0.2804654",
        "R2": "0.7097499106965969",
        "MAE": "182.33566",
        "MSE": "58679.723",
        "MedAE": "135.41406",
        "EVS": "0.7099546790122986",
        "run": "2023-01-13  10:49:37",
        "training_time": "00:03:30"
    },
    "Decon-NoSpl-CV_4_2-Fold_2(8)-NoAug-PP_22_61704-31441_23-01-13_12-14-58": {
        "model": "Decon-NoSpl-CV_4_2-Fold_2(8)-NoAug-PP_22_61704-31441_23-01-13_12-14-58",
        "dataset": "Raisin_Tavernier_830_GFsum",
        "seed": "31441",
        "targetRMSE": "Unknown",
        "RMSE": "243.0968",
        "MAPE": "0.2566967",
        "R2": "0.7076906081833059",
        "MAE": "187.72368",
        "MSE": "59096.055",
        "MedAE": "159.33948",
        "EVS": "0.7115612626075745",
        "run": "2023-01-13  12:18:09",
        "path": "data/regression\\Raisin_Tavernier_830_GFsum",
        "training_time": "00:03:10"
    },
    "Decon-NoSpl-CV_4_2-Fold_8(8)-NoAug-PP_22_61704-31441_23-01-13_12-33-14": {
        "model": "Decon-NoSpl-CV_4_2-Fold_8(8)-NoAug-PP_22_61704-31441_23-01-13_12-33-14",
        "dataset": "Raisin_Tavernier_830_GFsum",
        "seed": "31441",
        "targetRMSE": "Unknown",
        "RMSE": "252.21164",
        "MAPE": "0.26700717",
        "R2": "0.6853595295368469",
        "MAE": "191.21399",
        "MSE": "63610.715",
        "MedAE": "155.4347",
        "EVS": "0.7000781297683716",
        "run": "2023-01-13  12:36:47",
        "path": "data/regression\\Raisin_Tavernier_830_GFsum",
        "training_time": "00:03:32"
    },
    "Decon-NoSpl-CV_4_2-Fold_1(8)-NoAug-PP_22_61704-31441_23-01-13_12-12-02": {
        "model": "Decon-NoSpl-CV_4_2-Fold_1(8)-NoAug-PP_22_61704-31441_23-01-13_12-12-02",
        "dataset": "Raisin_Tavernier_830_GFsum",
        "seed": "31441",
        "targetRMSE": "Unknown",
        "RMSE": "255.13837",
        "MAPE": "0.29922408",
        "R2": "0.6780148470388752",
        "MAE": "197.72241",
        "MSE": "65095.586",
        "MedAE": "155.39838",
        "EVS": "0.6923545598983765",
        "run": "2023-01-13  12:14:58",
        "path": "data/regression\\Raisin_Tavernier_830_GFsum",
        "training_time": "00:02:56"
    },
    "Decon-NoSpl-CV_4_2-Fold_3(8)-NoAug-PP_22_61704-31441_23-01-13_12-18-09": {
        "model": "Decon-NoSpl-CV_4_2-Fold_3(8)-NoAug-PP_22_61704-31441_23-01-13_12-18-09",
        "dataset": "Raisin_Tavernier_830_GFsum",
        "seed": "31441",
        "targetRMSE": "Unknown",
        "RMSE": "259.4845",
        "MAPE": "0.24450335",
        "R2": "0.6669517465736741",
        "MAE": "197.04517",
        "MSE": "67332.2",
        "MedAE": "171.91711",
        "EVS": "0.7182400822639465",
        "run": "2023-01-13  12:20:24",
        "path": "data/regression\\Raisin_Tavernier_830_GFsum",
        "training_time": "00:02:14"
    },
    "Decon-NoSpl-CV_4_2-Fold_6(8)-NoAug-PP_22_61704-31441_23-01-13_12-26-13": {
        "model": "Decon-NoSpl-CV_4_2-Fold_6(8)-NoAug-PP_22_61704-31441_23-01-13_12-26-13",
        "dataset": "Raisin_Tavernier_830_GFsum",
        "seed": "31441",
        "targetRMSE": "Unknown",
        "RMSE": "263.31512",
        "MAPE": "0.25915134",
        "R2": "0.6570460077930024",
        "MAE": "190.17598",
        "MSE": "69334.85",
        "MedAE": "133.02966",
        "EVS": "0.6599498987197876",
        "run": "2023-01-13  12:30:01",
        "path": "data/regression\\Raisin_Tavernier_830_GFsum",
        "training_time": "00:03:48"
    },
    "Decon-NoSpl-CV_4_2-Fold_7(8)-NoAug-PP_22_61704-31441_23-01-13_12-30-01": {
        "model": "Decon-NoSpl-CV_4_2-Fold_7(8)-NoAug-PP_22_61704-31441_23-01-13_12-30-01",
        "dataset": "Raisin_Tavernier_830_GFsum",
        "seed": "31441",
        "targetRMSE": "Unknown",
        "RMSE": "266.47284",
        "MAPE": "0.30476654",
        "R2": "0.6487711104770892",
        "MAE": "204.82822",
        "MSE": "71007.78",
        "MedAE": "148.8529",
        "EVS": "0.6543421745300293",
        "run": "2023-01-13  12:33:14",
        "path": "data/regression\\Raisin_Tavernier_830_GFsum",
        "training_time": "00:03:12"
    },
    "Decon-NoSpl-CV_4_2-Fold_4(8)-NoAug-PP_22_61704-31441_23-01-13_12-20-24": {
        "model": "Decon-NoSpl-CV_4_2-Fold_4(8)-NoAug-PP_22_61704-31441_23-01-13_12-20-24",
        "dataset": "Raisin_Tavernier_830_GFsum",
        "seed": "31441",
        "targetRMSE": "Unknown",
        "RMSE": "271.83807",
        "MAPE": "0.29274297",
        "R2": "0.634485289603585",
        "MAE": "210.95097",
        "MSE": "73895.94",
        "MedAE": "173.34705",
        "EVS": "0.6610028147697449",
        "run": "2023-01-13  12:22:34",
        "path": "data/regression\\Raisin_Tavernier_830_GFsum",
        "training_time": "00:02:09"
    },
    "Decon-NoSpl-CV_4_2-Fold_5(8)-NoAug-PP_22_61704-31441_23-01-13_12-22-34": {
        "model": "Decon-NoSpl-CV_4_2-Fold_5(8)-NoAug-PP_22_61704-31441_23-01-13_12-22-34",
        "dataset": "Raisin_Tavernier_830_GFsum",
        "seed": "31441",
        "targetRMSE": "Unknown",
        "RMSE": "307.39917",
        "MAPE": "0.28989276",
        "R2": "0.5325989182654995",
        "MAE": "228.3972",
        "MSE": "94494.26",
        "MedAE": "176.83203",
        "EVS": "0.5753465890884399",
        "run": "2023-01-13  12:26:13",
        "path": "data/regression\\Raisin_Tavernier_830_GFsum",
        "training_time": "00:03:38"
    }
}