{
    "Decon-NoSpl-NoCV-Fold_1(1)-NoAug-PP_22_89796-31441_23-01-13_10-57-37": {
        "model": "Decon-NoSpl-NoCV-Fold_1(1)-NoAug-PP_22_89796-31441_23-01-13_10-57-37",
        "dataset": "Raisin_Tavernier_830_MTratio",
        "seed": "31441",
        "targetRMSE": "Unknown",
        "RMSE": "0.2268169",
        "MAPE": "0.7094597",
        "R2": "0.8549811188149107",
        "MAE": "0.1731088",
        "MSE": "0.0514459",
        "MedAE": "0.13462768",
        "EVS": "0.8578876256942749",
        "run": "2023-01-13  11:02:41",
        "training_time": "00:05:03"
    },
    "Decon-NoSpl-CV_4_2-NoAug-PP_22_-6523-31441_CV": {
        "model": "Decon-NoSpl-CV_4_2-NoAug-PP_22_-6523-31441",
        "dataset": "Raisin_Tavernier_830_MTratio",
        "seed": "31441",
        "targetRMSE": "Unknown",
        "RMSE": "0.24530092",
        "MAPE": "0.6771507",
        "R2": "0.8303819069178116",
        "MAE": "0.18250182",
        "MSE": "0.06017254",
        "MedAE": "0.14521319",
        "EVS": "0.8303992748260498",
        "run": "2023-01-13  15:37:39",
        "path": "data/regression\\Raisin_Tavernier_830_MTratio"
    },
    "Decon-NoSpl-CV_4_2-Fold_7(8)-NoAug-PP_22_-6523-31441_23-01-13_15-14-36": {
        "model": "Decon-NoSpl-CV_4_2-Fold_7(8)-NoAug-PP_22_-6523-31441_23-01-13_15-14-36",
        "dataset": "Raisin_Tavernier_830_MTratio",
        "seed": "31441",
        "targetRMSE": "Unknown",
        "RMSE": "0.2640508",
        "MAPE": "0.6481353",
        "R2": "0.8034609971069728",
        "MAE": "0.17978768",
        "MSE": "0.069722824",
        "MedAE": "0.12137854",
        "EVS": "0.804745078086853",
        "run": "2023-01-13  15:22:59",
        "path": "data/regression\\Raisin_Tavernier_830_MTratio",
        "training_time": "00:08:22"
    },
    "Decon-NoSpl-CV_4_2-Fold_6(8)-NoAug-PP_22_-6523-31441_23-01-13_15-06-25": {
        "model": "Decon-NoSpl-CV_4_2-Fold_6(8)-NoAug-PP_22_-6523-31441_23-01-13_15-06-25",
        "dataset": "Raisin_Tavernier_830_MTratio",
        "seed": "31441",
        "targetRMSE": "Unknown",
        "RMSE": "0.26872793",
        "MAPE": "0.59072787",
        "R2": "0.7964367640543731",
        "MAE": "0.18774204",
        "MSE": "0.07221469",
        "MedAE": "0.13166595",
        "EVS": "0.8035836219787598",
        "run": "2023-01-13  15:14:36",
        "path": "data/regression\\Raisin_Tavernier_830_MTratio",
        "training_time": "00:08:10"
    },
    "Decon-NoSpl-CV_4_2-Fold_5(8)-NoAug-PP_22_-6523-31441_23-01-13_14-59-01": {
        "model": "Decon-NoSpl-CV_4_2-Fold_5(8)-NoAug-PP_22_-6523-31441_23-01-13_14-59-01",
        "dataset": "Raisin_Tavernier_830_MTratio",
        "seed": "31441",
        "targetRMSE": "Unknown",
        "RMSE": "0.279724",
        "MAPE": "0.6206719",
        "R2": "0.7794367516003258",
        "MAE": "0.19957334",
        "MSE": "0.07824551",
        "MedAE": "0.14127716",
        "EVS": "0.7798049449920654",
        "run": "2023-01-13  15:06:25",
        "path": "data/regression\\Raisin_Tavernier_830_MTratio",
        "training_time": "00:07:24"
    },
    "Decon-NoSpl-CV_4_2-Fold_1(8)-NoAug-PP_22_-6523-31441_23-01-13_14-28-22": {
        "model": "Decon-NoSpl-CV_4_2-Fold_1(8)-NoAug-PP_22_-6523-31441_23-01-13_14-28-22",
        "dataset": "Raisin_Tavernier_830_MTratio",
        "seed": "31441",
        "targetRMSE": "Unknown",
        "RMSE": "0.29219133",
        "MAPE": "0.91812557",
        "R2": "0.7593374758055784",
        "MAE": "0.22502123",
        "MSE": "0.08537577",
        "MedAE": "0.17879644",
        "EVS": "0.7681421041488647",
        "run": "2023-01-13  14:31:28",
        "path": "data/regression\\Raisin_Tavernier_830_MTratio",
        "training_time": "00:03:05"
    },
    "Decon-NoSpl-CV_4_2-Fold_4(8)-NoAug-PP_22_-6523-31441_23-01-13_14-51-46": {
        "model": "Decon-NoSpl-CV_4_2-Fold_4(8)-NoAug-PP_22_-6523-31441_23-01-13_14-51-46",
        "dataset": "Raisin_Tavernier_830_MTratio",
        "seed": "31441",
        "targetRMSE": "Unknown",
        "RMSE": "0.29970604",
        "MAPE": "0.8219983",
        "R2": "0.7467993535995281",
        "MAE": "0.22486623",
        "MSE": "0.089823715",
        "MedAE": "0.16408485",
        "EVS": "0.7530239224433899",
        "run": "2023-01-13  14:59:01",
        "path": "data/regression\\Raisin_Tavernier_830_MTratio",
        "training_time": "00:07:14"
    },
    "Decon-NoSpl-CV_4_2-Fold_8(8)-NoAug-PP_22_-6523-31441_23-01-13_15-22-59": {
        "model": "Decon-NoSpl-CV_4_2-Fold_8(8)-NoAug-PP_22_-6523-31441_23-01-13_15-22-59",
        "dataset": "Raisin_Tavernier_830_MTratio",
        "seed": "31441",
        "targetRMSE": "Unknown",
        "RMSE": "0.30287814",
        "MAPE": "0.7273236",
        "R2": "0.7414112460459872",
        "MAE": "0.20473485",
        "MSE": "0.09173516",
        "MedAE": "0.12586868",
        "EVS": "0.7418003678321838",
        "run": "2023-01-13  15:37:39",
        "path": "data/regression\\Raisin_Tavernier_830_MTratio",
        "training_time": "00:14:39"
    },
    "Decon-NoSpl-CV_4_2-Fold_3(8)-NoAug-PP_22_-6523-31441_23-01-13_14-36-03": {
        "model": "Decon-NoSpl-CV_4_2-Fold_3(8)-NoAug-PP_22_-6523-31441_23-01-13_14-36-03",
        "dataset": "Raisin_Tavernier_830_MTratio",
        "seed": "31441",
        "targetRMSE": "Unknown",
        "RMSE": "0.31334046",
        "MAPE": "0.6804848",
        "R2": "0.7232378365692853",
        "MAE": "0.21016547",
        "MSE": "0.09818224",
        "MedAE": "0.13228118",
        "EVS": "0.726523220539093",
        "run": "2023-01-13  14:51:46",
        "path": "data/regression\\Raisin_Tavernier_830_MTratio",
        "training_time": "00:15:42"
    },
    "Decon-NoSpl-CV_4_2-Fold_2(8)-NoAug-PP_22_-6523-31441_23-01-13_14-31-29": {
        "model": "Decon-NoSpl-CV_4_2-Fold_2(8)-NoAug-PP_22_-6523-31441_23-01-13_14-31-29",
        "dataset": "Raisin_Tavernier_830_MTratio",
        "seed": "31441",
        "targetRMSE": "Unknown",
        "RMSE": "0.3196586",
        "MAPE": "0.880751",
        "R2": "0.7119641029577102",
        "MAE": "0.23315862",
        "MSE": "0.10218163",
        "MedAE": "0.1691916",
        "EVS": "0.7179033756256104",
        "run": "2023-01-13  14:36:03",
        "path": "data/regression\\Raisin_Tavernier_830_MTratio",
        "training_time": "00:04:34"
    }
}