{
    "Decon-NoSpl-CV_4_2-NoAug-PP_22_61704-31441_CV": {
        "model": "Decon-NoSpl-CV_4_2-NoAug-PP_22_61704-31441",
        "dataset": "Raisin_Tavernier_830_Malate",
        "seed": "31441",
        "targetRMSE": "Unknown",
        "RMSE": "45.39502",
        "MAPE": "0.461256",
        "R2": "0.8204995103684808",
        "MAE": "28.353136",
        "MSE": "2060.7078",
        "MedAE": "13.793148",
        "EVS": "0.8228766918182373",
        "run": "2023-01-13  13:33:38",
        "path": "data/regression\\Raisin_Tavernier_830_Malate"
    },
    "Decon-NoSpl-CV_4_2-Fold_6(8)-NoAug-PP_22_61704-31441_23-01-13_13-23-09": {
        "model": "Decon-NoSpl-CV_4_2-Fold_6(8)-NoAug-PP_22_61704-31441_23-01-13_13-23-09",
        "dataset": "Raisin_Tavernier_830_Malate",
        "seed": "31441",
        "targetRMSE": "Unknown",
        "RMSE": "45.45041",
        "MAPE": "0.49709797",
        "R2": "0.8200612112211256",
        "MAE": "29.656235",
        "MSE": "2065.7397",
        "MedAE": "14.518799",
        "EVS": "0.8200613260269165",
        "run": "2023-01-13  13:26:39",
        "path": "data/regression\\Raisin_Tavernier_830_Malate",
        "training_time": "00:03:29"
    },
    "Decon-NoSpl-NoCV-Fold_1(1)-NoAug-PP_22_89796-31441_23-01-13_10-54-13": {
        "model": "Decon-NoSpl-NoCV-Fold_1(1)-NoAug-PP_22_89796-31441_23-01-13_10-54-13",
        "dataset": "Raisin_Tavernier_830_Malate",
        "seed": "31441",
        "targetRMSE": "Unknown",
        "RMSE": "46.937546",
        "MAPE": "0.5610214",
        "R2": "0.8080933957179854",
        "MAE": "31.796547",
        "MSE": "2203.133",
        "MedAE": "19.951475",
        "EVS": "0.808156430721283",
        "run": "2023-01-13  10:57:37",
        "training_time": "00:03:24"
    },
    "Decon-NoSpl-CV_4_2-Fold_7(8)-NoAug-PP_22_61704-31441_23-01-13_13-26-39": {
        "model": "Decon-NoSpl-CV_4_2-Fold_7(8)-NoAug-PP_22_61704-31441_23-01-13_13-26-39",
        "dataset": "Raisin_Tavernier_830_Malate",
        "seed": "31441",
        "targetRMSE": "Unknown",
        "RMSE": "50.00514",
        "MAPE": "0.579211",
        "R2": "0.7821896670944289",
        "MAE": "32.45848",
        "MSE": "2500.514",
        "MedAE": "19.364204",
        "EVS": "0.7822136878967285",
        "run": "2023-01-13  13:31:24",
        "path": "data/regression\\Raisin_Tavernier_830_Malate",
        "training_time": "00:04:45"
    },
    "Decon-NoSpl-CV_4_2-Fold_1(8)-NoAug-PP_22_61704-31441_23-01-13_13-03-22": {
        "model": "Decon-NoSpl-CV_4_2-Fold_1(8)-NoAug-PP_22_61704-31441_23-01-13_13-03-22",
        "dataset": "Raisin_Tavernier_830_Malate",
        "seed": "31441",
        "targetRMSE": "Unknown",
        "RMSE": "50.241886",
        "MAPE": "0.43386546",
        "R2": "0.7801223577242247",
        "MAE": "30.30758",
        "MSE": "2524.2473",
        "MedAE": "15.501289",
        "EVS": "0.7841755151748657",
        "run": "2023-01-13  13:09:58",
        "path": "data/regression\\Raisin_Tavernier_830_Malate",
        "training_time": "00:06:36"
    },
    "Decon-NoSpl-CV_4_2-Fold_5(8)-NoAug-PP_22_61704-31441_23-01-13_13-19-30": {
        "model": "Decon-NoSpl-CV_4_2-Fold_5(8)-NoAug-PP_22_61704-31441_23-01-13_13-19-30",
        "dataset": "Raisin_Tavernier_830_Malate",
        "seed": "31441",
        "targetRMSE": "Unknown",
        "RMSE": "53.304928",
        "MAPE": "0.48396987",
        "R2": "0.7524950170873228",
        "MAE": "31.860008",
        "MSE": "2841.4155",
        "MedAE": "15.716243",
        "EVS": "0.7586463093757629",
        "run": "2023-01-13  13:23:09",
        "path": "data/regression\\Raisin_Tavernier_830_Malate",
        "training_time": "00:03:39"
    },
    "Decon-NoSpl-CV_4_2-Fold_2(8)-NoAug-PP_22_61704-31441_23-01-13_13-09-58": {
        "model": "Decon-NoSpl-CV_4_2-Fold_2(8)-NoAug-PP_22_61704-31441_23-01-13_13-09-58",
        "dataset": "Raisin_Tavernier_830_Malate",
        "seed": "31441",
        "targetRMSE": "Unknown",
        "RMSE": "53.79287",
        "MAPE": "0.5197792",
        "R2": "0.7479430851015721",
        "MAE": "33.022423",
        "MSE": "2893.6729",
        "MedAE": "15.501785",
        "EVS": "0.7501335144042969",
        "run": "2023-01-13  13:12:29",
        "path": "data/regression\\Raisin_Tavernier_830_Malate",
        "training_time": "00:02:30"
    },
    "Decon-NoSpl-CV_4_2-Fold_3(8)-NoAug-PP_22_61704-31441_23-01-13_13-12-29": {
        "model": "Decon-NoSpl-CV_4_2-Fold_3(8)-NoAug-PP_22_61704-31441_23-01-13_13-12-29",
        "dataset": "Raisin_Tavernier_830_Malate",
        "seed": "31441",
        "targetRMSE": "Unknown",
        "RMSE": "55.23652",
        "MAPE": "0.5862385",
        "R2": "0.7342325461988541",
        "MAE": "31.41881",
        "MSE": "3051.073",
        "MedAE": "14.138641",
        "EVS": "0.7346964478492737",
        "run": "2023-01-13  13:15:41",
        "path": "data/regression\\Raisin_Tavernier_830_Malate",
        "training_time": "00:03:11"
    },
    "Decon-NoSpl-CV_4_2-Fold_4(8)-NoAug-PP_22_61704-31441_23-01-13_13-15-41": {
        "model": "Decon-NoSpl-CV_4_2-Fold_4(8)-NoAug-PP_22_61704-31441_23-01-13_13-15-41",
        "dataset": "Raisin_Tavernier_830_Malate",
        "seed": "31441",
        "targetRMSE": "Unknown",
        "RMSE": "57.948715",
        "MAPE": "0.5298583",
        "R2": "0.707492637002431",
        "MAE": "34.67787",
        "MSE": "3358.0535",
        "MedAE": "16.668148",
        "EVS": "0.7284200191497803",
        "run": "2023-01-13  13:19:30",
        "path": "data/regression\\Raisin_Tavernier_830_Malate",
        "training_time": "00:03:48"
    },
    "Decon-NoSpl-CV_4_2-Fold_8(8)-NoAug-PP_22_61704-31441_23-01-13_13-31-24": {
        "model": "Decon-NoSpl-CV_4_2-Fold_8(8)-NoAug-PP_22_61704-31441_23-01-13_13-31-24",
        "dataset": "Raisin_Tavernier_830_Malate",
        "seed": "31441",
        "targetRMSE": "Unknown",
        "RMSE": "59.70158",
        "MAPE": "0.66526306",
        "R2": "0.689529110493335",
        "MAE": "37.413754",
        "MSE": "3564.2788",
        "MedAE": "20.074982",
        "EVS": "0.6903884410858154",
        "run": "2023-01-13  13:33:38",
        "path": "data/regression\\Raisin_Tavernier_830_Malate",
        "training_time": "00:02:13"
    }
}